{"general":{"NR_RIGHT_COMPILATIONS":72376,"NR_ERRONEOUS_VARIANCES":null,"EXECUTION_IDENTIFIER":"","OUTPUT_STATUS":"TIME_OUT","NR_FAILLING_COMPILATIONS":14534,"NR_GENERATIONS":8691,"TOTAL_TIME":108006.361,"NR_FAILING_VALIDATION_PROCESS":null},"patches":[{"VARIANT_ID":"4329","VALIDATION":"|true|0|2108|[]|","patchhunks":[{"LOCATION":"org.apache.commons.math.analysis.solvers.BrentSolver","PATH":"\\\/home1\\\/kwyyeung\\\/buggy_versions\\\/Math_78\\\/src\\\/main\\\/java\\\/org\\\/apache\\\/commons\\\/math\\\/analysis\\\/solvers\\\/BrentSolver.java","INGREDIENT_SCOPE":"PACKAGE","SUSPICIOUNESS":"1","INGREDIENT_PARENT":"delta = 0.5 * oldDelta","PATCH_HUNK_TYPE":"CtAssignmentImpl|CtBlockImpl","ORIGINAL_CODE":"delta = x1 - x0","BUGGY_CODE_TYPE":"CtAssignmentImpl|CtBlockImpl","OPERATOR":"ReplaceOp","MODIFIED_FILE_PATH":"\\\/home1\\\/kwyyeung\\\/.\\\/output_astor\\\/AstorMain-Math_78\\\/\\\/src\\\/\\\/variant-4329\\\/org\\\/apache\\\/commons\\\/math\\\/analysis\\\/solvers\\\/BrentSolver.java","LINE":"304","MP_RANKING":"57","PATCH_HUNK_CODE":"delta = 0.5 * oldDelta"}],"TIME":"3453","GENERATION":"393","FOLDER_SOLUTION_CODE":"\\\/home1\\\/kwyyeung\\\/.\\\/output_astor\\\/AstorMain-Math_78\\\/\\\/src\\\/\\\/variant-4329","PATCH_DIFF_ORIG":"--- \\\/src\\\/main\\\/java\\\/org\\\/apache\\\/commons\\\/math\\\/analysis\\\/solvers\\\/BrentSolver.java\\n+++ \\\/src\\\/main\\\/java\\\/org\\\/apache\\\/commons\\\/math\\\/analysis\\\/solvers\\\/BrentSolver.java\\n@@ -300,8 +300,8 @@\\n \\t\\t\\ty1 = f.value(x1);\\n \\t\\t\\tif ((y1 > 0) == (y2 > 0)) {\\n \\t\\t\\t\\tx2 = x0;\\n-\\t\\t\\t\\ty2 = y0;\\n-\\t\\t\\t\\tdelta = x1 - x0;\\n+\\t\\t\\t\\ty2 = y0; \\t\\t\\t\\tdelta = 0.5 * oldDelta;\\n+\\n \\t\\t\\t\\toldDelta = delta;\\n \\t\\t\\t}\\n \\t\\t\\ti++;\\n\\n"},{"VARIANT_ID":"5517","VALIDATION":"|true|0|2108|[]|","patchhunks":[{"LOCATION":"org.apache.commons.math.ode.events.EventState","PATH":"\\\/home1\\\/kwyyeung\\\/buggy_versions\\\/Math_78\\\/src\\\/main\\\/java\\\/org\\\/apache\\\/commons\\\/math\\\/ode\\\/events\\\/EventState.java","INGREDIENT_SCOPE":"LOCAL","SUSPICIOUNESS":"1","INGREDIENT_PARENT":"ta = tb","PATCH_HUNK_TYPE":"CtAssignmentImpl|CtBlockImpl","ORIGINAL_CODE":"tb += h","BUGGY_CODE_TYPE":"CtOperatorAssignmentImpl|CtBlockImpl","OPERATOR":"InsertBeforeOp","MODIFIED_FILE_PATH":"\\\/home1\\\/kwyyeung\\\/.\\\/output_astor\\\/AstorMain-Math_78\\\/\\\/src\\\/\\\/variant-5517\\\/org\\\/apache\\\/commons\\\/math\\\/ode\\\/events\\\/EventState.java","LINE":"183","MP_RANKING":"103","PATCH_HUNK_CODE":"ta = tb"}],"TIME":"4474","GENERATION":"501","FOLDER_SOLUTION_CODE":"\\\/home1\\\/kwyyeung\\\/.\\\/output_astor\\\/AstorMain-Math_78\\\/\\\/src\\\/\\\/variant-5517","PATCH_DIFF_ORIG":"--- \\\/src\\\/main\\\/java\\\/org\\\/apache\\\/commons\\\/math\\\/ode\\\/events\\\/EventState.java\\n+++ \\\/src\\\/main\\\/java\\\/org\\\/apache\\\/commons\\\/math\\\/ode\\\/events\\\/EventState.java\\n@@ -180,12 +180,8 @@\\n \\t\\t\\tfor (int i = 0; i < n; ++i) {\\n \\n \\n-\\t\\t\\t\\ttb += h;\\n-\\t\\t\\t\\tinterpolator.setInterpolatedTime(tb);\\n-\\t\\t\\t\\tfinal double gb = handler.g(tb, interpolator.getInterpolatedState());\\n \\n \\n-\\t\\t\\t\\tif (g0Positive ^ (gb >= 0)) {\\n \\n \\n \\n@@ -198,30 +194,34 @@\\n \\n \\n \\n-\\t\\t\\t\\t\\tincreasing = gb >= ga;\\n \\n-\\t\\t\\t\\t\\tfinal org.apache.commons.math.analysis.UnivariateRealFunction f = new org.apache.commons.math.analysis.UnivariateRealFunction() {\\n-\\t\\t\\t\\t\\t\\tpublic double value(final double t) throws org.apache.commons.math.FunctionEvaluationException {\\n-\\t\\t\\t\\t\\t\\t\\ttry {\\n-\\t\\t\\t\\t\\t\\t\\t\\tinterpolator.setInterpolatedTime(t);\\n-\\t\\t\\t\\t\\t\\t\\t\\treturn handler.g(t, interpolator.getInterpolatedState());\\n-\\t\\t\\t\\t\\t\\t\\t} catch (org.apache.commons.math.ode.DerivativeException e) {\\n-\\t\\t\\t\\t\\t\\t\\t\\tthrow new org.apache.commons.math.FunctionEvaluationException(e, t);\\n-\\t\\t\\t\\t\\t\\t\\t} catch (org.apache.commons.math.ode.events.EventException e) {\\n-\\t\\t\\t\\t\\t\\t\\t\\tthrow new org.apache.commons.math.FunctionEvaluationException(e, t);\\n-\\t\\t\\t\\t\\t\\t\\t}\\n-\\t\\t\\t\\t\\t\\t}\\n-\\t\\t\\t\\t\\t};\\n-\\t\\t\\t\\t\\tfinal org.apache.commons.math.analysis.solvers.BrentSolver solver = new org.apache.commons.math.analysis.solvers.BrentSolver();\\n-\\t\\t\\t\\t\\tsolver.setAbsoluteAccuracy(convergence);\\n-\\t\\t\\t\\t\\tsolver.setMaximalIterationCount(maxIterationCount);\\n-\\t\\t\\t\\t\\tfinal double root = (ta <= tb) ? solver.solve(f, ta, tb) : solver.solve(f, tb, ta);\\n-\\t\\t\\t\\t\\tif ((java.lang.Math.abs(root - ta) <= convergence) && \\n-\\t\\t\\t\\t\\t(java.lang.Math.abs(root - previousEventTime) <= convergence)) {\\n \\n-\\t\\t\\t\\t\\t\\tta = tb;\\n+\\n+\\n+\\n+\\n+\\n+\\n+\\n+\\n+\\n+\\n+\\n+\\n+\\n+\\n+\\n+\\n+\\n+\\n+\\n+\\n+\\n+\\n+\\n+\\t\\t\\t\\tta = tb; \\t\\t\\t\\ttb += h; \\t\\t\\t\\tinterpolator.setInterpolatedTime(tb); \\t\\t\\t\\tfinal double gb = handler.g(tb, interpolator.getInterpolatedState()); \\t\\t\\t\\tif (g0Positive ^ (gb >= 0)) { \\t\\t\\t\\t\\tincreasing = gb >= ga; \\t\\t\\t\\t\\tfinal org.apache.commons.math.analysis.UnivariateRealFunction f = new org.apache.commons.math.analysis.UnivariateRealFunction() { \\t\\t\\t\\t\\t\\tpublic double value(final double t) throws org.apache.commons.math.FunctionEvaluationException { \\t\\t\\t\\t\\t\\t\\ttry { \\t\\t\\t\\t\\t\\t\\t\\tinterpolator.setInterpolatedTime(t); \\t\\t\\t\\t\\t\\t\\t\\treturn handler.g(t, interpolator.getInterpolatedState());} catch (org.apache.commons.math.ode.DerivativeException e) { \\t\\t\\t\\t\\t\\t\\t\\tthrow new org.apache.commons.math.FunctionEvaluationException(e, t);} catch (org.apache.commons.math.ode.events.EventException e) { \\t\\t\\t\\t\\t\\t\\t\\tthrow new org.apache.commons.math.FunctionEvaluationException(e, t);}}}; \\t\\t\\t\\t\\tfinal org.apache.commons.math.analysis.solvers.BrentSolver solver = new org.apache.commons.math.analysis.solvers.BrentSolver(); \\t\\t\\t\\t\\tsolver.setAbsoluteAccuracy(convergence); \\t\\t\\t\\t\\tsolver.setMaximalIterationCount(maxIterationCount); \\t\\t\\t\\t\\tfinal double root = (ta <= tb) ? solver.solve(f, ta, tb) : solver.solve(f, tb, ta); \\t\\t\\t\\t\\tif ((java.lang.Math.abs(root - ta) <= convergence) && (java.lang.Math.abs(root - previousEventTime) <= convergence)) { \\t\\t\\t\\t\\t\\tta = tb;\\n \\t\\t\\t\\t\\t\\tga = gb;\\n-\\t\\t\\t\\t\\t} else { \\t\\t\\t\\t\\t\\tif (java.lang.Double.isNaN(previousEventTime) || \\n+\\t\\t\\t\\t\\t} else \\t\\t\\t\\t\\t\\tif (java.lang.Double.isNaN(previousEventTime) || \\n \\t\\t\\t\\t\\t\\t(java.lang.Math.abs(previousEventTime - root) > convergence)) {\\n \\t\\t\\t\\t\\t\\t\\tpendingEventTime = root;\\n \\t\\t\\t\\t\\t\\t\\tif (pendingEvent && (java.lang.Math.abs(t1 - pendingEventTime) <= convergence)) {\\n@@ -235,7 +235,7 @@\\n \\n \\t\\t\\t\\t\\t\\t\\tpendingEvent = true;\\n \\t\\t\\t\\t\\t\\t\\treturn true;\\n-\\t\\t\\t\\t\\t\\t}}\\n+\\t\\t\\t\\t\\t\\t}\\n \\n \\t\\t\\t\\t} else {\\n \\n\\n"},{"VARIANT_ID":"14093","VALIDATION":"|true|0|2108|[]|","patchhunks":[{"LOCATION":"org.apache.commons.math.ode.events.EventState","PATH":"\\\/home1\\\/kwyyeung\\\/buggy_versions\\\/Math_78\\\/src\\\/main\\\/java\\\/org\\\/apache\\\/commons\\\/math\\\/ode\\\/events\\\/EventState.java","INGREDIENT_SCOPE":"LOCAL","SUSPICIOUNESS":"1","INGREDIENT_PARENT":"ta = tb","PATCH_HUNK_TYPE":"CtAssignmentImpl|CtBlockImpl","ORIGINAL_CODE":"for (int i = 0; i < n; ++i) {\\n\\n\\n\\ttb += h;\\n\\tinterpolator.setInterpolatedTime(tb);\\n\\tfinal double gb = handler.g(tb, interpolator.getInterpolatedState());\\n\\n\\n\\tif (g0Positive ^ (gb >= 0)) {\\n\\n\\n\\n\\n\\n\\n\\n\\n\\n\\n\\n\\n\\t\\tincreasing = gb >= ga;\\n\\n\\t\\tfinal org.apache.commons.math.analysis.UnivariateRealFunction f = new org.apache.commons.math.analysis.UnivariateRealFunction() {\\n\\t\\t\\tpublic double value(final double t) throws org.apache.commons.math.FunctionEvaluationException {\\n\\t\\t\\t\\ttry {\\n\\t\\t\\t\\t\\tinterpolator.setInterpolatedTime(t);\\n\\t\\t\\t\\t\\treturn handler.g(t, interpolator.getInterpolatedState());\\n\\t\\t\\t\\t} catch (org.apache.commons.math.ode.DerivativeException e) {\\n\\t\\t\\t\\t\\tthrow new org.apache.commons.math.FunctionEvaluationException(e, t);\\n\\t\\t\\t\\t} catch (org.apache.commons.math.ode.events.EventException e) {\\n\\t\\t\\t\\t\\tthrow new org.apache.commons.math.FunctionEvaluationException(e, t);\\n\\t\\t\\t\\t}\\n\\t\\t\\t}\\n\\t\\t};\\n\\t\\tfinal org.apache.commons.math.analysis.solvers.BrentSolver solver = new org.apache.commons.math.analysis.solvers.BrentSolver();\\n\\t\\tsolver.setAbsoluteAccuracy(convergence);\\n\\t\\tsolver.setMaximalIterationCount(maxIterationCount);\\n\\t\\tfinal double root = (ta <= tb) ? solver.solve(f, ta, tb) : solver.solve(f, tb, ta);\\n\\t\\tif ((java.lang.Math.abs(root - ta) <= convergence) && \\n\\t\\t(java.lang.Math.abs(root - previousEventTime) <= convergence)) {\\n\\n\\t\\t\\tta = tb;\\n\\t\\t\\tga = gb;\\n\\t\\t} else { \\t\\t\\tif (java.lang.Double.isNaN(previousEventTime) || \\n\\t\\t\\t(java.lang.Math.abs(previousEventTime - root) > convergence)) {\\n\\t\\t\\t\\tpendingEventTime = root;\\n\\t\\t\\t\\tif (pendingEvent && (java.lang.Math.abs(t1 - pendingEventTime) <= convergence)) {\\n\\n\\n\\n\\n\\t\\t\\t\\t\\treturn false;\\n\\t\\t\\t\\t}\\n\\n\\n\\t\\t\\t\\tpendingEvent = true;\\n\\t\\t\\t\\treturn true;\\n\\t\\t\\t}}\\n\\n\\t} else {\\n\\n\\t\\tta = tb;\\n\\t\\tga = gb;\\n\\t}\\n\\n}","BUGGY_CODE_TYPE":"CtForImpl|CtBlockImpl","OPERATOR":"InsertBeforeOp","MODIFIED_FILE_PATH":"\\\/home1\\\/kwyyeung\\\/.\\\/output_astor\\\/AstorMain-Math_78\\\/\\\/src\\\/\\\/variant-14093\\\/org\\\/apache\\\/commons\\\/math\\\/ode\\\/events\\\/EventState.java","LINE":"180","MP_RANKING":"102","PATCH_HUNK_CODE":"ta = tb"}],"TIME":"12057","GENERATION":"1281","FOLDER_SOLUTION_CODE":"\\\/home1\\\/kwyyeung\\\/.\\\/output_astor\\\/AstorMain-Math_78\\\/\\\/src\\\/\\\/variant-14093","PATCH_DIFF_ORIG":"--- \\\/src\\\/main\\\/java\\\/org\\\/apache\\\/commons\\\/math\\\/ode\\\/events\\\/EventState.java\\n+++ \\\/src\\\/main\\\/java\\\/org\\\/apache\\\/commons\\\/math\\\/ode\\\/events\\\/EventState.java\\n@@ -177,15 +177,10 @@\\n \\t\\t\\tdouble ta = this.t0;\\n \\t\\t\\tdouble ga = g0;\\n \\t\\t\\tdouble tb = this.t0 + (interpolator.isForward() ? convergence : -convergence);\\n-\\t\\t\\tfor (int i = 0; i < n; ++i) {\\n \\n \\n-\\t\\t\\t\\ttb += h;\\n-\\t\\t\\t\\tinterpolator.setInterpolatedTime(tb);\\n-\\t\\t\\t\\tfinal double gb = handler.g(tb, interpolator.getInterpolatedState());\\n \\n \\n-\\t\\t\\t\\tif (g0Positive ^ (gb >= 0)) {\\n \\n \\n \\n@@ -198,28 +193,33 @@\\n \\n \\n \\n-\\t\\t\\t\\t\\tincreasing = gb >= ga;\\n \\n-\\t\\t\\t\\t\\tfinal org.apache.commons.math.analysis.UnivariateRealFunction f = new org.apache.commons.math.analysis.UnivariateRealFunction() {\\n-\\t\\t\\t\\t\\t\\tpublic double value(final double t) throws org.apache.commons.math.FunctionEvaluationException {\\n-\\t\\t\\t\\t\\t\\t\\ttry {\\n-\\t\\t\\t\\t\\t\\t\\t\\tinterpolator.setInterpolatedTime(t);\\n-\\t\\t\\t\\t\\t\\t\\t\\treturn handler.g(t, interpolator.getInterpolatedState());\\n-\\t\\t\\t\\t\\t\\t\\t} catch (org.apache.commons.math.ode.DerivativeException e) {\\n-\\t\\t\\t\\t\\t\\t\\t\\tthrow new org.apache.commons.math.FunctionEvaluationException(e, t);\\n-\\t\\t\\t\\t\\t\\t\\t} catch (org.apache.commons.math.ode.events.EventException e) {\\n-\\t\\t\\t\\t\\t\\t\\t\\tthrow new org.apache.commons.math.FunctionEvaluationException(e, t);\\n-\\t\\t\\t\\t\\t\\t\\t}\\n-\\t\\t\\t\\t\\t\\t}\\n-\\t\\t\\t\\t\\t};\\n-\\t\\t\\t\\t\\tfinal org.apache.commons.math.analysis.solvers.BrentSolver solver = new org.apache.commons.math.analysis.solvers.BrentSolver();\\n-\\t\\t\\t\\t\\tsolver.setAbsoluteAccuracy(convergence);\\n-\\t\\t\\t\\t\\tsolver.setMaximalIterationCount(maxIterationCount);\\n-\\t\\t\\t\\t\\tfinal double root = (ta <= tb) ? solver.solve(f, ta, tb) : solver.solve(f, tb, ta);\\n-\\t\\t\\t\\t\\tif ((java.lang.Math.abs(root - ta) <= convergence) && \\n-\\t\\t\\t\\t\\t(java.lang.Math.abs(root - previousEventTime) <= convergence)) {\\n \\n-\\t\\t\\t\\t\\t\\tta = tb;\\n+\\n+\\n+\\n+\\n+\\n+\\n+\\n+\\n+\\n+\\n+\\n+\\n+\\n+\\n+\\n+\\n+\\n+\\n+\\n+\\n+\\n+\\n+\\n+\\n+\\t\\t\\tta = tb; \\t\\t\\tfor (int i = 0; i < n; ++i) { \\t\\t\\t\\ttb += h; \\t\\t\\t\\tinterpolator.setInterpolatedTime(tb); \\t\\t\\t\\tfinal double gb = handler.g(tb, interpolator.getInterpolatedState()); \\t\\t\\t\\tif (g0Positive ^ (gb >= 0)) { \\t\\t\\t\\t\\tincreasing = gb >= ga; \\t\\t\\t\\t\\tfinal org.apache.commons.math.analysis.UnivariateRealFunction f = new org.apache.commons.math.analysis.UnivariateRealFunction() { \\t\\t\\t\\t\\t\\tpublic double value(final double t) throws org.apache.commons.math.FunctionEvaluationException { \\t\\t\\t\\t\\t\\t\\ttry { \\t\\t\\t\\t\\t\\t\\t\\tinterpolator.setInterpolatedTime(t); \\t\\t\\t\\t\\t\\t\\t\\treturn handler.g(t, interpolator.getInterpolatedState());} catch (org.apache.commons.math.ode.DerivativeException e) { \\t\\t\\t\\t\\t\\t\\t\\tthrow new org.apache.commons.math.FunctionEvaluationException(e, t);} catch (org.apache.commons.math.ode.events.EventException e) { \\t\\t\\t\\t\\t\\t\\t\\tthrow new org.apache.commons.math.FunctionEvaluationException(e, t);}}}; \\t\\t\\t\\t\\tfinal org.apache.commons.math.analysis.solvers.BrentSolver solver = new org.apache.commons.math.analysis.solvers.BrentSolver(); \\t\\t\\t\\t\\tsolver.setAbsoluteAccuracy(convergence); \\t\\t\\t\\t\\tsolver.setMaximalIterationCount(maxIterationCount); \\t\\t\\t\\t\\tfinal double root = (ta <= tb) ? solver.solve(f, ta, tb) : solver.solve(f, tb, ta); \\t\\t\\t\\t\\tif ((java.lang.Math.abs(root - ta) <= convergence) && (java.lang.Math.abs(root - previousEventTime) <= convergence)) { \\t\\t\\t\\t\\t\\tta = tb;\\n \\t\\t\\t\\t\\t\\tga = gb;\\n \\t\\t\\t\\t\\t} else { \\t\\t\\t\\t\\t\\tif (java.lang.Double.isNaN(previousEventTime) || \\n \\t\\t\\t\\t\\t\\t(java.lang.Math.abs(previousEventTime - root) > convergence)) {\\n\\n"},{"VARIANT_ID":"35703","VALIDATION":"|true|0|2108|[]|","patchhunks":[{"LOCATION":"org.apache.commons.math.analysis.solvers.BrentSolver","PATH":"\\\/home1\\\/kwyyeung\\\/buggy_versions\\\/Math_78\\\/src\\\/main\\\/java\\\/org\\\/apache\\\/commons\\\/math\\\/analysis\\\/solvers\\\/BrentSolver.java","INGREDIENT_SCOPE":"PACKAGE","SUSPICIOUNESS":"1","INGREDIENT_PARENT":"delta = 0.5 * oldDelta","PATCH_HUNK_TYPE":"CtAssignmentImpl|CtBlockImpl","ORIGINAL_CODE":"oldDelta = delta","BUGGY_CODE_TYPE":"CtAssignmentImpl|CtBlockImpl","OPERATOR":"InsertBeforeOp","MODIFIED_FILE_PATH":"\\\/home1\\\/kwyyeung\\\/.\\\/output_astor\\\/AstorMain-Math_78\\\/\\\/src\\\/\\\/variant-35703\\\/org\\\/apache\\\/commons\\\/math\\\/analysis\\\/solvers\\\/BrentSolver.java","LINE":"305","MP_RANKING":"58","PATCH_HUNK_CODE":"delta = 0.5 * oldDelta"}],"TIME":"33642","GENERATION":"3245","FOLDER_SOLUTION_CODE":"\\\/home1\\\/kwyyeung\\\/.\\\/output_astor\\\/AstorMain-Math_78\\\/\\\/src\\\/\\\/variant-35703","PATCH_DIFF_ORIG":"--- \\\/src\\\/main\\\/java\\\/org\\\/apache\\\/commons\\\/math\\\/analysis\\\/solvers\\\/BrentSolver.java\\n+++ \\\/src\\\/main\\\/java\\\/org\\\/apache\\\/commons\\\/math\\\/analysis\\\/solvers\\\/BrentSolver.java\\n@@ -301,7 +301,7 @@\\n \\t\\t\\tif ((y1 > 0) == (y2 > 0)) {\\n \\t\\t\\t\\tx2 = x0;\\n \\t\\t\\t\\ty2 = y0;\\n-\\t\\t\\t\\tdelta = x1 - x0;\\n+\\t\\t\\t\\tdelta = x1 - x0; \\t\\t\\t\\tdelta = 0.5 * oldDelta;\\n \\t\\t\\t\\toldDelta = delta;\\n \\t\\t\\t}\\n \\t\\t\\ti++;\\n\\n"}]}