{"general":{"NR_RIGHT_COMPILATIONS":122,"NR_ERRONEOUS_VARIANCES":null,"EXECUTION_IDENTIFIER":"","OUTPUT_STATUS":"TIME_OUT","NR_FAILLING_COMPILATIONS":18,"NR_GENERATIONS":14,"TOTAL_TIME":110271.344,"NR_FAILING_VALIDATION_PROCESS":null},"patches":[{"VARIANT_ID":"74","VALIDATION":"|true|0|2103|[]|","patchhunks":[{"LOCATION":"org.apache.commons.math.linear.EigenDecompositionImpl","PATH":"\\\/home1\\\/kwyyeung\\\/Math_81\\\/src\\\/main\\\/java\\\/org\\\/apache\\\/commons\\\/math\\\/linear\\\/EigenDecompositionImpl.java","INGREDIENT_SCOPE":"-","ORIGINAL_CODE":"if (a2 < cnst1) {\\n\\ts = (gam * (1 - java.lang.Math.sqrt(a2))) \\\/ (1 + a2);\\n}","BUGGY_CODE_TYPE":"CtIfImpl|CtBlockImpl","OPERATOR":"RemoveOp","MODIFIED_FILE_PATH":"\\\/home1\\\/kwyyeung\\\/.\\\/output_astor\\\/AstorMain-Math_81\\\/\\\/src\\\/\\\/variant-74\\\/org\\\/apache\\\/commons\\\/math\\\/linear\\\/EigenDecompositionImpl.java","LINE":"1520","SUSPICIOUNESS":"0.354","MP_RANKING":"37"}],"TIME":"40122","GENERATION":"6","FOLDER_SOLUTION_CODE":"\\\/home1\\\/kwyyeung\\\/.\\\/output_astor\\\/AstorMain-Math_81\\\/\\\/src\\\/\\\/variant-74","PATCH_DIFF_ORIG":"--- \\\/src\\\/main\\\/java\\\/org\\\/apache\\\/commons\\\/math\\\/linear\\\/EigenDecompositionImpl.java\\n+++ \\\/src\\\/main\\\/java\\\/org\\\/apache\\\/commons\\\/math\\\/linear\\\/EigenDecompositionImpl.java\\n@@ -1517,9 +1517,9 @@\\n \\t\\t\\t\\t\\t\\ta2 = cnst3 * a2;\\n \\n \\n-\\t\\t\\t\\t\\t\\tif (a2 < cnst1) {\\n-\\t\\t\\t\\t\\t\\t\\ts = (gam * (1 - java.lang.Math.sqrt(a2))) \\\/ (1 + a2);\\n-\\t\\t\\t\\t\\t\\t}\\n+\\n+\\n+\\n \\t\\t\\t\\t\\t\\ttau = s;\\n \\n \\t\\t\\t\\t\\t}\\n\\n"}]}