{"general":{"NR_RIGHT_COMPILATIONS":229,"NR_ERRONEOUS_VARIANCES":null,"EXECUTION_IDENTIFIER":"","OUTPUT_STATUS":"TIME_OUT","NR_FAILLING_COMPILATIONS":251,"NR_GENERATIONS":48,"TOTAL_TIME":120051.31,"NR_FAILING_VALIDATION_PROCESS":null},"patches":[{"VARIANT_ID":"41","VALIDATION":"|true|0|1986|[]|","patchhunks":[{"LOCATION":"org.apache.commons.math.analysis.solvers.UnivariateRealSolverUtils","PATH":"\\\/home1\\\/kwyyeung\\\/Math_85\\\/src\\\/java\\\/org\\\/apache\\\/commons\\\/math\\\/analysis\\\/solvers\\\/UnivariateRealSolverUtils.java","INGREDIENT_SCOPE":"-","ORIGINAL_CODE":"if ((fa * fb) >= 0.0) {\\n\\tthrow new org.apache.commons.math.ConvergenceException(\\n\\t\\\"number of iterations={0}, maximum iterations={1}, \\\" + \\n\\t(\\\"initial={2}, lower bound={3}, upper bound={4}, final a value={5}, \\\" + \\n\\t\\\"final b value={6}, f(a)={7}, f(b)={8}\\\"), \\n\\tnumIterations, maximumIterations, initial, \\n\\tlowerBound, upperBound, a, b, fa, fb);\\n}","BUGGY_CODE_TYPE":"CtIfImpl|CtBlockImpl","OPERATOR":"RemoveOp","MODIFIED_FILE_PATH":"\\\/home1\\\/kwyyeung\\\/.\\\/output_astor\\\/AstorMain-Math_85\\\/\\\/src\\\/\\\/variant-41\\\/org\\\/apache\\\/commons\\\/math\\\/analysis\\\/solvers\\\/UnivariateRealSolverUtils.java","LINE":"198","SUSPICIOUNESS":"0.707","MP_RANKING":"25"}],"TIME":"1630","GENERATION":"3","FOLDER_SOLUTION_CODE":"\\\/home1\\\/kwyyeung\\\/.\\\/output_astor\\\/AstorMain-Math_85\\\/\\\/src\\\/\\\/variant-41","PATCH_DIFF_ORIG":"--- \\\/src\\\/java\\\/org\\\/apache\\\/commons\\\/math\\\/analysis\\\/solvers\\\/UnivariateRealSolverUtils.java\\n+++ \\\/src\\\/java\\\/org\\\/apache\\\/commons\\\/math\\\/analysis\\\/solvers\\\/UnivariateRealSolverUtils.java\\n@@ -195,14 +195,14 @@\\n \\t\\t} while ((((fa * fb) > 0.0) && (numIterations < maximumIterations)) && \\n \\t\\t((a > lowerBound) || (b < upperBound)) );\\n \\n-\\t\\tif ((fa * fb) >= 0.0) {\\n-\\t\\t\\tthrow new org.apache.commons.math.ConvergenceException(\\n-\\t\\t\\t\\\"number of iterations={0}, maximum iterations={1}, \\\" + \\n-\\t\\t\\t(\\\"initial={2}, lower bound={3}, upper bound={4}, final a value={5}, \\\" + \\n-\\t\\t\\t\\\"final b value={6}, f(a)={7}, f(b)={8}\\\"), \\n-\\t\\t\\tnumIterations, maximumIterations, initial, \\n-\\t\\t\\tlowerBound, upperBound, a, b, fa, fb);\\n-\\t\\t}\\n+\\n+\\n+\\n+\\n+\\n+\\n+\\n+\\n \\n \\t\\treturn new double[]{ a, b };\\n \\t}\\n\\n"},{"VARIANT_ID":"97","VALIDATION":"|true|0|1986|[]|","patchhunks":[{"LOCATION":"org.apache.commons.math.analysis.solvers.UnivariateRealSolverUtils","PATH":"\\\/home1\\\/kwyyeung\\\/Math_85\\\/src\\\/java\\\/org\\\/apache\\\/commons\\\/math\\\/analysis\\\/solvers\\\/UnivariateRealSolverUtils.java","INGREDIENT_SCOPE":"-","ORIGINAL_CODE":"if ((fa * fb) >= 0.0) {\\n\\tthrow new org.apache.commons.math.ConvergenceException(\\n\\t\\\"number of iterations={0}, maximum iterations={1}, \\\" + \\n\\t(\\\"initial={2}, lower bound={3}, upper bound={4}, final a value={5}, \\\" + \\n\\t\\\"final b value={6}, f(a)={7}, f(b)={8}\\\"), \\n\\tnumIterations, maximumIterations, initial, \\n\\tlowerBound, upperBound, a, b, fa, fb);\\n}","BUGGY_CODE_TYPE":"CtIfImpl|CtBlockImpl","OPERATOR":"RemoveOp","MODIFIED_FILE_PATH":"\\\/home1\\\/kwyyeung\\\/.\\\/output_astor\\\/AstorMain-Math_85\\\/\\\/src\\\/\\\/variant-97\\\/org\\\/apache\\\/commons\\\/math\\\/analysis\\\/solvers\\\/UnivariateRealSolverUtils.java","LINE":"198","SUSPICIOUNESS":"0.707","MP_RANKING":"25"}],"TIME":"3364","GENERATION":"8","FOLDER_SOLUTION_CODE":"\\\/home1\\\/kwyyeung\\\/.\\\/output_astor\\\/AstorMain-Math_85\\\/\\\/src\\\/\\\/variant-97","PATCH_DIFF_ORIG":"--- \\\/src\\\/java\\\/org\\\/apache\\\/commons\\\/math\\\/analysis\\\/solvers\\\/UnivariateRealSolverUtils.java\\n+++ \\\/src\\\/java\\\/org\\\/apache\\\/commons\\\/math\\\/analysis\\\/solvers\\\/UnivariateRealSolverUtils.java\\n@@ -195,14 +195,14 @@\\n \\t\\t} while ((((fa * fb) > 0.0) && (numIterations < maximumIterations)) && \\n \\t\\t((a > lowerBound) || (b < upperBound)) );\\n \\n-\\t\\tif ((fa * fb) >= 0.0) {\\n-\\t\\t\\tthrow new org.apache.commons.math.ConvergenceException(\\n-\\t\\t\\t\\\"number of iterations={0}, maximum iterations={1}, \\\" + \\n-\\t\\t\\t(\\\"initial={2}, lower bound={3}, upper bound={4}, final a value={5}, \\\" + \\n-\\t\\t\\t\\\"final b value={6}, f(a)={7}, f(b)={8}\\\"), \\n-\\t\\t\\tnumIterations, maximumIterations, initial, \\n-\\t\\t\\tlowerBound, upperBound, a, b, fa, fb);\\n-\\t\\t}\\n+\\n+\\n+\\n+\\n+\\n+\\n+\\n+\\n \\n \\t\\treturn new double[]{ a, b };\\n \\t}\\n\\n"},{"VARIANT_ID":"102","VALIDATION":"|true|0|1986|[]|","patchhunks":[{"LOCATION":"org.apache.commons.math.analysis.solvers.UnivariateRealSolverUtils","PATH":"\\\/home1\\\/kwyyeung\\\/Math_85\\\/src\\\/java\\\/org\\\/apache\\\/commons\\\/math\\\/analysis\\\/solvers\\\/UnivariateRealSolverUtils.java","INGREDIENT_SCOPE":"-","ORIGINAL_CODE":"if ((fa * fb) >= 0.0) {\\n\\tthrow new org.apache.commons.math.ConvergenceException(\\n\\t\\\"number of iterations={0}, maximum iterations={1}, \\\" + \\n\\t(\\\"initial={2}, lower bound={3}, upper bound={4}, final a value={5}, \\\" + \\n\\t\\\"final b value={6}, f(a)={7}, f(b)={8}\\\"), \\n\\tnumIterations, maximumIterations, initial, \\n\\tlowerBound, upperBound, a, b, fa, fb);\\n}","BUGGY_CODE_TYPE":"CtIfImpl|CtBlockImpl","OPERATOR":"RemoveOp","MODIFIED_FILE_PATH":"\\\/home1\\\/kwyyeung\\\/.\\\/output_astor\\\/AstorMain-Math_85\\\/\\\/src\\\/\\\/variant-102\\\/org\\\/apache\\\/commons\\\/math\\\/analysis\\\/solvers\\\/UnivariateRealSolverUtils.java","LINE":"198","SUSPICIOUNESS":"0.707","MP_RANKING":"25"}],"TIME":"3373","GENERATION":"9","FOLDER_SOLUTION_CODE":"\\\/home1\\\/kwyyeung\\\/.\\\/output_astor\\\/AstorMain-Math_85\\\/\\\/src\\\/\\\/variant-102","PATCH_DIFF_ORIG":"--- \\\/src\\\/java\\\/org\\\/apache\\\/commons\\\/math\\\/analysis\\\/solvers\\\/UnivariateRealSolverUtils.java\\n+++ \\\/src\\\/java\\\/org\\\/apache\\\/commons\\\/math\\\/analysis\\\/solvers\\\/UnivariateRealSolverUtils.java\\n@@ -195,14 +195,14 @@\\n \\t\\t} while ((((fa * fb) > 0.0) && (numIterations < maximumIterations)) && \\n \\t\\t((a > lowerBound) || (b < upperBound)) );\\n \\n-\\t\\tif ((fa * fb) >= 0.0) {\\n-\\t\\t\\tthrow new org.apache.commons.math.ConvergenceException(\\n-\\t\\t\\t\\\"number of iterations={0}, maximum iterations={1}, \\\" + \\n-\\t\\t\\t(\\\"initial={2}, lower bound={3}, upper bound={4}, final a value={5}, \\\" + \\n-\\t\\t\\t\\\"final b value={6}, f(a)={7}, f(b)={8}\\\"), \\n-\\t\\t\\tnumIterations, maximumIterations, initial, \\n-\\t\\t\\tlowerBound, upperBound, a, b, fa, fb);\\n-\\t\\t}\\n+\\n+\\n+\\n+\\n+\\n+\\n+\\n+\\n \\n \\t\\treturn new double[]{ a, b };\\n \\t}\\n\\n"},{"VARIANT_ID":"134","VALIDATION":"|true|0|1986|[]|","patchhunks":[{"LOCATION":"org.apache.commons.math.analysis.solvers.UnivariateRealSolverUtils","PATH":"\\\/home1\\\/kwyyeung\\\/Math_85\\\/src\\\/java\\\/org\\\/apache\\\/commons\\\/math\\\/analysis\\\/solvers\\\/UnivariateRealSolverUtils.java","INGREDIENT_SCOPE":"-","ORIGINAL_CODE":"if ((fa * fb) >= 0.0) {\\n\\tthrow new org.apache.commons.math.ConvergenceException(\\n\\t\\\"number of iterations={0}, maximum iterations={1}, \\\" + \\n\\t(\\\"initial={2}, lower bound={3}, upper bound={4}, final a value={5}, \\\" + \\n\\t\\\"final b value={6}, f(a)={7}, f(b)={8}\\\"), \\n\\tnumIterations, maximumIterations, initial, \\n\\tlowerBound, upperBound, a, b, fa, fb);\\n}","BUGGY_CODE_TYPE":"CtIfImpl|CtBlockImpl","OPERATOR":"RemoveOp","MODIFIED_FILE_PATH":"\\\/home1\\\/kwyyeung\\\/.\\\/output_astor\\\/AstorMain-Math_85\\\/\\\/src\\\/\\\/variant-134\\\/org\\\/apache\\\/commons\\\/math\\\/analysis\\\/solvers\\\/UnivariateRealSolverUtils.java","LINE":"198","SUSPICIOUNESS":"0.707","MP_RANKING":"25"}],"TIME":"13389","GENERATION":"12","FOLDER_SOLUTION_CODE":"\\\/home1\\\/kwyyeung\\\/.\\\/output_astor\\\/AstorMain-Math_85\\\/\\\/src\\\/\\\/variant-134","PATCH_DIFF_ORIG":"--- \\\/src\\\/java\\\/org\\\/apache\\\/commons\\\/math\\\/analysis\\\/solvers\\\/UnivariateRealSolverUtils.java\\n+++ \\\/src\\\/java\\\/org\\\/apache\\\/commons\\\/math\\\/analysis\\\/solvers\\\/UnivariateRealSolverUtils.java\\n@@ -195,14 +195,14 @@\\n \\t\\t} while ((((fa * fb) > 0.0) && (numIterations < maximumIterations)) && \\n \\t\\t((a > lowerBound) || (b < upperBound)) );\\n \\n-\\t\\tif ((fa * fb) >= 0.0) {\\n-\\t\\t\\tthrow new org.apache.commons.math.ConvergenceException(\\n-\\t\\t\\t\\\"number of iterations={0}, maximum iterations={1}, \\\" + \\n-\\t\\t\\t(\\\"initial={2}, lower bound={3}, upper bound={4}, final a value={5}, \\\" + \\n-\\t\\t\\t\\\"final b value={6}, f(a)={7}, f(b)={8}\\\"), \\n-\\t\\t\\tnumIterations, maximumIterations, initial, \\n-\\t\\t\\tlowerBound, upperBound, a, b, fa, fb);\\n-\\t\\t}\\n+\\n+\\n+\\n+\\n+\\n+\\n+\\n+\\n \\n \\t\\treturn new double[]{ a, b };\\n \\t}\\n\\n"},{"VARIANT_ID":"179","VALIDATION":"|true|0|1986|[]|","patchhunks":[{"LOCATION":"org.apache.commons.math.analysis.solvers.UnivariateRealSolverUtils","PATH":"\\\/home1\\\/kwyyeung\\\/Math_85\\\/src\\\/java\\\/org\\\/apache\\\/commons\\\/math\\\/analysis\\\/solvers\\\/UnivariateRealSolverUtils.java","INGREDIENT_SCOPE":"-","ORIGINAL_CODE":"throw new org.apache.commons.math.ConvergenceException(\\n\\\"number of iterations={0}, maximum iterations={1}, \\\" + \\n(\\\"initial={2}, lower bound={3}, upper bound={4}, final a value={5}, \\\" + \\n\\\"final b value={6}, f(a)={7}, f(b)={8}\\\"), \\nnumIterations, maximumIterations, initial, \\nlowerBound, upperBound, a, b, fa, fb)","BUGGY_CODE_TYPE":"CtThrowImpl|CtBlockImpl","OPERATOR":"RemoveOp","MODIFIED_FILE_PATH":"\\\/home1\\\/kwyyeung\\\/.\\\/output_astor\\\/AstorMain-Math_85\\\/\\\/src\\\/\\\/variant-179\\\/org\\\/apache\\\/commons\\\/math\\\/analysis\\\/solvers\\\/UnivariateRealSolverUtils.java","LINE":"199","SUSPICIOUNESS":"1","MP_RANKING":"0"}],"TIME":"25326","GENERATION":"16","FOLDER_SOLUTION_CODE":"\\\/home1\\\/kwyyeung\\\/.\\\/output_astor\\\/AstorMain-Math_85\\\/\\\/src\\\/\\\/variant-179","PATCH_DIFF_ORIG":"--- \\\/src\\\/java\\\/org\\\/apache\\\/commons\\\/math\\\/analysis\\\/solvers\\\/UnivariateRealSolverUtils.java\\n+++ \\\/src\\\/java\\\/org\\\/apache\\\/commons\\\/math\\\/analysis\\\/solvers\\\/UnivariateRealSolverUtils.java\\n@@ -196,12 +196,12 @@\\n \\t\\t((a > lowerBound) || (b < upperBound)) );\\n \\n \\t\\tif ((fa * fb) >= 0.0) {\\n-\\t\\t\\tthrow new org.apache.commons.math.ConvergenceException(\\n-\\t\\t\\t\\\"number of iterations={0}, maximum iterations={1}, \\\" + \\n-\\t\\t\\t(\\\"initial={2}, lower bound={3}, upper bound={4}, final a value={5}, \\\" + \\n-\\t\\t\\t\\\"final b value={6}, f(a)={7}, f(b)={8}\\\"), \\n-\\t\\t\\tnumIterations, maximumIterations, initial, \\n-\\t\\t\\tlowerBound, upperBound, a, b, fa, fb);\\n+\\n+\\n+\\n+\\n+\\n+\\n \\t\\t}\\n \\n \\t\\treturn new double[]{ a, b };\\n\\n"},{"VARIANT_ID":"183","VALIDATION":"|true|0|1986|[]|","patchhunks":[{"LOCATION":"org.apache.commons.math.analysis.solvers.UnivariateRealSolverUtils","PATH":"\\\/home1\\\/kwyyeung\\\/Math_85\\\/src\\\/java\\\/org\\\/apache\\\/commons\\\/math\\\/analysis\\\/solvers\\\/UnivariateRealSolverUtils.java","INGREDIENT_SCOPE":"-","ORIGINAL_CODE":"throw new org.apache.commons.math.ConvergenceException(\\n\\\"number of iterations={0}, maximum iterations={1}, \\\" + \\n(\\\"initial={2}, lower bound={3}, upper bound={4}, final a value={5}, \\\" + \\n\\\"final b value={6}, f(a)={7}, f(b)={8}\\\"), \\nnumIterations, maximumIterations, initial, \\nlowerBound, upperBound, a, b, fa, fb)","BUGGY_CODE_TYPE":"CtThrowImpl|CtBlockImpl","OPERATOR":"RemoveOp","MODIFIED_FILE_PATH":"\\\/home1\\\/kwyyeung\\\/.\\\/output_astor\\\/AstorMain-Math_85\\\/\\\/src\\\/\\\/variant-183\\\/org\\\/apache\\\/commons\\\/math\\\/analysis\\\/solvers\\\/UnivariateRealSolverUtils.java","LINE":"199","SUSPICIOUNESS":"1","MP_RANKING":"0"}],"TIME":"25332","GENERATION":"16","FOLDER_SOLUTION_CODE":"\\\/home1\\\/kwyyeung\\\/.\\\/output_astor\\\/AstorMain-Math_85\\\/\\\/src\\\/\\\/variant-183","PATCH_DIFF_ORIG":"--- \\\/src\\\/java\\\/org\\\/apache\\\/commons\\\/math\\\/analysis\\\/solvers\\\/UnivariateRealSolverUtils.java\\n+++ \\\/src\\\/java\\\/org\\\/apache\\\/commons\\\/math\\\/analysis\\\/solvers\\\/UnivariateRealSolverUtils.java\\n@@ -196,12 +196,12 @@\\n \\t\\t((a > lowerBound) || (b < upperBound)) );\\n \\n \\t\\tif ((fa * fb) >= 0.0) {\\n-\\t\\t\\tthrow new org.apache.commons.math.ConvergenceException(\\n-\\t\\t\\t\\\"number of iterations={0}, maximum iterations={1}, \\\" + \\n-\\t\\t\\t(\\\"initial={2}, lower bound={3}, upper bound={4}, final a value={5}, \\\" + \\n-\\t\\t\\t\\\"final b value={6}, f(a)={7}, f(b)={8}\\\"), \\n-\\t\\t\\tnumIterations, maximumIterations, initial, \\n-\\t\\t\\tlowerBound, upperBound, a, b, fa, fb);\\n+\\n+\\n+\\n+\\n+\\n+\\n \\t\\t}\\n \\n \\t\\treturn new double[]{ a, b };\\n\\n"},{"VARIANT_ID":"256","VALIDATION":"|true|0|1986|[]|","patchhunks":[{"LOCATION":"org.apache.commons.math.analysis.solvers.UnivariateRealSolverUtils","PATH":"\\\/home1\\\/kwyyeung\\\/Math_85\\\/src\\\/java\\\/org\\\/apache\\\/commons\\\/math\\\/analysis\\\/solvers\\\/UnivariateRealSolverUtils.java","INGREDIENT_SCOPE":"-","ORIGINAL_CODE":"throw new org.apache.commons.math.ConvergenceException(\\n\\\"number of iterations={0}, maximum iterations={1}, \\\" + \\n(\\\"initial={2}, lower bound={3}, upper bound={4}, final a value={5}, \\\" + \\n\\\"final b value={6}, f(a)={7}, f(b)={8}\\\"), \\nnumIterations, maximumIterations, initial, \\nlowerBound, upperBound, a, b, fa, fb)","BUGGY_CODE_TYPE":"CtThrowImpl|CtBlockImpl","OPERATOR":"RemoveOp","MODIFIED_FILE_PATH":"\\\/home1\\\/kwyyeung\\\/.\\\/output_astor\\\/AstorMain-Math_85\\\/\\\/src\\\/\\\/variant-256\\\/org\\\/apache\\\/commons\\\/math\\\/analysis\\\/solvers\\\/UnivariateRealSolverUtils.java","LINE":"199","SUSPICIOUNESS":"1","MP_RANKING":"0"}],"TIME":"35353","GENERATION":"23","FOLDER_SOLUTION_CODE":"\\\/home1\\\/kwyyeung\\\/.\\\/output_astor\\\/AstorMain-Math_85\\\/\\\/src\\\/\\\/variant-256","PATCH_DIFF_ORIG":"--- \\\/src\\\/java\\\/org\\\/apache\\\/commons\\\/math\\\/analysis\\\/solvers\\\/UnivariateRealSolverUtils.java\\n+++ \\\/src\\\/java\\\/org\\\/apache\\\/commons\\\/math\\\/analysis\\\/solvers\\\/UnivariateRealSolverUtils.java\\n@@ -196,12 +196,12 @@\\n \\t\\t((a > lowerBound) || (b < upperBound)) );\\n \\n \\t\\tif ((fa * fb) >= 0.0) {\\n-\\t\\t\\tthrow new org.apache.commons.math.ConvergenceException(\\n-\\t\\t\\t\\\"number of iterations={0}, maximum iterations={1}, \\\" + \\n-\\t\\t\\t(\\\"initial={2}, lower bound={3}, upper bound={4}, final a value={5}, \\\" + \\n-\\t\\t\\t\\\"final b value={6}, f(a)={7}, f(b)={8}\\\"), \\n-\\t\\t\\tnumIterations, maximumIterations, initial, \\n-\\t\\t\\tlowerBound, upperBound, a, b, fa, fb);\\n+\\n+\\n+\\n+\\n+\\n+\\n \\t\\t}\\n \\n \\t\\treturn new double[]{ a, b };\\n\\n"},{"VARIANT_ID":"291","VALIDATION":"|true|0|1986|[]|","patchhunks":[{"LOCATION":"org.apache.commons.math.analysis.solvers.UnivariateRealSolverUtils","PATH":"\\\/home1\\\/kwyyeung\\\/Math_85\\\/src\\\/java\\\/org\\\/apache\\\/commons\\\/math\\\/analysis\\\/solvers\\\/UnivariateRealSolverUtils.java","INGREDIENT_SCOPE":"-","ORIGINAL_CODE":"throw new org.apache.commons.math.ConvergenceException(\\n\\\"number of iterations={0}, maximum iterations={1}, \\\" + \\n(\\\"initial={2}, lower bound={3}, upper bound={4}, final a value={5}, \\\" + \\n\\\"final b value={6}, f(a)={7}, f(b)={8}\\\"), \\nnumIterations, maximumIterations, initial, \\nlowerBound, upperBound, a, b, fa, fb)","BUGGY_CODE_TYPE":"CtThrowImpl|CtBlockImpl","OPERATOR":"RemoveOp","MODIFIED_FILE_PATH":"\\\/home1\\\/kwyyeung\\\/.\\\/output_astor\\\/AstorMain-Math_85\\\/\\\/src\\\/\\\/variant-291\\\/org\\\/apache\\\/commons\\\/math\\\/analysis\\\/solvers\\\/UnivariateRealSolverUtils.java","LINE":"199","SUSPICIOUNESS":"1","MP_RANKING":"0"}],"TIME":"45366","GENERATION":"26","FOLDER_SOLUTION_CODE":"\\\/home1\\\/kwyyeung\\\/.\\\/output_astor\\\/AstorMain-Math_85\\\/\\\/src\\\/\\\/variant-291","PATCH_DIFF_ORIG":"--- \\\/src\\\/java\\\/org\\\/apache\\\/commons\\\/math\\\/analysis\\\/solvers\\\/UnivariateRealSolverUtils.java\\n+++ \\\/src\\\/java\\\/org\\\/apache\\\/commons\\\/math\\\/analysis\\\/solvers\\\/UnivariateRealSolverUtils.java\\n@@ -196,12 +196,12 @@\\n \\t\\t((a > lowerBound) || (b < upperBound)) );\\n \\n \\t\\tif ((fa * fb) >= 0.0) {\\n-\\t\\t\\tthrow new org.apache.commons.math.ConvergenceException(\\n-\\t\\t\\t\\\"number of iterations={0}, maximum iterations={1}, \\\" + \\n-\\t\\t\\t(\\\"initial={2}, lower bound={3}, upper bound={4}, final a value={5}, \\\" + \\n-\\t\\t\\t\\\"final b value={6}, f(a)={7}, f(b)={8}\\\"), \\n-\\t\\t\\tnumIterations, maximumIterations, initial, \\n-\\t\\t\\tlowerBound, upperBound, a, b, fa, fb);\\n+\\n+\\n+\\n+\\n+\\n+\\n \\t\\t}\\n \\n \\t\\treturn new double[]{ a, b };\\n\\n"},{"VARIANT_ID":"423","VALIDATION":"|true|0|1986|[]|","patchhunks":[{"LOCATION":"org.apache.commons.math.analysis.solvers.UnivariateRealSolverUtils","PATH":"\\\/home1\\\/kwyyeung\\\/Math_85\\\/src\\\/java\\\/org\\\/apache\\\/commons\\\/math\\\/analysis\\\/solvers\\\/UnivariateRealSolverUtils.java","INGREDIENT_SCOPE":"-","ORIGINAL_CODE":"throw new org.apache.commons.math.ConvergenceException(\\n\\\"number of iterations={0}, maximum iterations={1}, \\\" + \\n(\\\"initial={2}, lower bound={3}, upper bound={4}, final a value={5}, \\\" + \\n\\\"final b value={6}, f(a)={7}, f(b)={8}\\\"), \\nnumIterations, maximumIterations, initial, \\nlowerBound, upperBound, a, b, fa, fb)","BUGGY_CODE_TYPE":"CtThrowImpl|CtBlockImpl","OPERATOR":"RemoveOp","MODIFIED_FILE_PATH":"\\\/home1\\\/kwyyeung\\\/.\\\/output_astor\\\/AstorMain-Math_85\\\/\\\/src\\\/\\\/variant-423\\\/org\\\/apache\\\/commons\\\/math\\\/analysis\\\/solvers\\\/UnivariateRealSolverUtils.java","LINE":"199","SUSPICIOUNESS":"1","MP_RANKING":"0"}],"TIME":"77401","GENERATION":"38","FOLDER_SOLUTION_CODE":"\\\/home1\\\/kwyyeung\\\/.\\\/output_astor\\\/AstorMain-Math_85\\\/\\\/src\\\/\\\/variant-423","PATCH_DIFF_ORIG":"--- \\\/src\\\/java\\\/org\\\/apache\\\/commons\\\/math\\\/analysis\\\/solvers\\\/UnivariateRealSolverUtils.java\\n+++ \\\/src\\\/java\\\/org\\\/apache\\\/commons\\\/math\\\/analysis\\\/solvers\\\/UnivariateRealSolverUtils.java\\n@@ -196,12 +196,12 @@\\n \\t\\t((a > lowerBound) || (b < upperBound)) );\\n \\n \\t\\tif ((fa * fb) >= 0.0) {\\n-\\t\\t\\tthrow new org.apache.commons.math.ConvergenceException(\\n-\\t\\t\\t\\\"number of iterations={0}, maximum iterations={1}, \\\" + \\n-\\t\\t\\t(\\\"initial={2}, lower bound={3}, upper bound={4}, final a value={5}, \\\" + \\n-\\t\\t\\t\\\"final b value={6}, f(a)={7}, f(b)={8}\\\"), \\n-\\t\\t\\tnumIterations, maximumIterations, initial, \\n-\\t\\t\\tlowerBound, upperBound, a, b, fa, fb);\\n+\\n+\\n+\\n+\\n+\\n+\\n \\t\\t}\\n \\n \\t\\treturn new double[]{ a, b };\\n\\n"},{"VARIANT_ID":"477","VALIDATION":"|true|0|1986|[]|","patchhunks":[{"LOCATION":"org.apache.commons.math.analysis.solvers.UnivariateRealSolverUtils","PATH":"\\\/home1\\\/kwyyeung\\\/Math_85\\\/src\\\/java\\\/org\\\/apache\\\/commons\\\/math\\\/analysis\\\/solvers\\\/UnivariateRealSolverUtils.java","INGREDIENT_SCOPE":"-","ORIGINAL_CODE":"if ((fa * fb) >= 0.0) {\\n\\tthrow new org.apache.commons.math.ConvergenceException(\\n\\t\\\"number of iterations={0}, maximum iterations={1}, \\\" + \\n\\t(\\\"initial={2}, lower bound={3}, upper bound={4}, final a value={5}, \\\" + \\n\\t\\\"final b value={6}, f(a)={7}, f(b)={8}\\\"), \\n\\tnumIterations, maximumIterations, initial, \\n\\tlowerBound, upperBound, a, b, fa, fb);\\n}","BUGGY_CODE_TYPE":"CtIfImpl|CtBlockImpl","OPERATOR":"RemoveOp","MODIFIED_FILE_PATH":"\\\/home1\\\/kwyyeung\\\/.\\\/output_astor\\\/AstorMain-Math_85\\\/\\\/src\\\/\\\/variant-477\\\/org\\\/apache\\\/commons\\\/math\\\/analysis\\\/solvers\\\/UnivariateRealSolverUtils.java","LINE":"198","SUSPICIOUNESS":"0.707","MP_RANKING":"25"}],"TIME":"87418","GENERATION":"43","FOLDER_SOLUTION_CODE":"\\\/home1\\\/kwyyeung\\\/.\\\/output_astor\\\/AstorMain-Math_85\\\/\\\/src\\\/\\\/variant-477","PATCH_DIFF_ORIG":"--- \\\/src\\\/java\\\/org\\\/apache\\\/commons\\\/math\\\/analysis\\\/solvers\\\/UnivariateRealSolverUtils.java\\n+++ \\\/src\\\/java\\\/org\\\/apache\\\/commons\\\/math\\\/analysis\\\/solvers\\\/UnivariateRealSolverUtils.java\\n@@ -195,14 +195,14 @@\\n \\t\\t} while ((((fa * fb) > 0.0) && (numIterations < maximumIterations)) && \\n \\t\\t((a > lowerBound) || (b < upperBound)) );\\n \\n-\\t\\tif ((fa * fb) >= 0.0) {\\n-\\t\\t\\tthrow new org.apache.commons.math.ConvergenceException(\\n-\\t\\t\\t\\\"number of iterations={0}, maximum iterations={1}, \\\" + \\n-\\t\\t\\t(\\\"initial={2}, lower bound={3}, upper bound={4}, final a value={5}, \\\" + \\n-\\t\\t\\t\\\"final b value={6}, f(a)={7}, f(b)={8}\\\"), \\n-\\t\\t\\tnumIterations, maximumIterations, initial, \\n-\\t\\t\\tlowerBound, upperBound, a, b, fa, fb);\\n-\\t\\t}\\n+\\n+\\n+\\n+\\n+\\n+\\n+\\n+\\n \\n \\t\\treturn new double[]{ a, b };\\n \\t}\\n\\n"},{"VARIANT_ID":"486","VALIDATION":"|true|0|1986|[]|","patchhunks":[{"LOCATION":"org.apache.commons.math.analysis.solvers.UnivariateRealSolverUtils","PATH":"\\\/home1\\\/kwyyeung\\\/Math_85\\\/src\\\/java\\\/org\\\/apache\\\/commons\\\/math\\\/analysis\\\/solvers\\\/UnivariateRealSolverUtils.java","INGREDIENT_SCOPE":"-","ORIGINAL_CODE":"throw new org.apache.commons.math.ConvergenceException(\\n\\\"number of iterations={0}, maximum iterations={1}, \\\" + \\n(\\\"initial={2}, lower bound={3}, upper bound={4}, final a value={5}, \\\" + \\n\\\"final b value={6}, f(a)={7}, f(b)={8}\\\"), \\nnumIterations, maximumIterations, initial, \\nlowerBound, upperBound, a, b, fa, fb)","BUGGY_CODE_TYPE":"CtThrowImpl|CtBlockImpl","OPERATOR":"RemoveOp","MODIFIED_FILE_PATH":"\\\/home1\\\/kwyyeung\\\/.\\\/output_astor\\\/AstorMain-Math_85\\\/\\\/src\\\/\\\/variant-486\\\/org\\\/apache\\\/commons\\\/math\\\/analysis\\\/solvers\\\/UnivariateRealSolverUtils.java","LINE":"199","SUSPICIOUNESS":"1","MP_RANKING":"0"}],"TIME":"87427","GENERATION":"44","FOLDER_SOLUTION_CODE":"\\\/home1\\\/kwyyeung\\\/.\\\/output_astor\\\/AstorMain-Math_85\\\/\\\/src\\\/\\\/variant-486","PATCH_DIFF_ORIG":"--- \\\/src\\\/java\\\/org\\\/apache\\\/commons\\\/math\\\/analysis\\\/solvers\\\/UnivariateRealSolverUtils.java\\n+++ \\\/src\\\/java\\\/org\\\/apache\\\/commons\\\/math\\\/analysis\\\/solvers\\\/UnivariateRealSolverUtils.java\\n@@ -196,12 +196,12 @@\\n \\t\\t((a > lowerBound) || (b < upperBound)) );\\n \\n \\t\\tif ((fa * fb) >= 0.0) {\\n-\\t\\t\\tthrow new org.apache.commons.math.ConvergenceException(\\n-\\t\\t\\t\\\"number of iterations={0}, maximum iterations={1}, \\\" + \\n-\\t\\t\\t(\\\"initial={2}, lower bound={3}, upper bound={4}, final a value={5}, \\\" + \\n-\\t\\t\\t\\\"final b value={6}, f(a)={7}, f(b)={8}\\\"), \\n-\\t\\t\\tnumIterations, maximumIterations, initial, \\n-\\t\\t\\tlowerBound, upperBound, a, b, fa, fb);\\n+\\n+\\n+\\n+\\n+\\n+\\n \\t\\t}\\n \\n \\t\\treturn new double[]{ a, b };\\n\\n"}]}