{"general":{"NR_RIGHT_COMPILATIONS":823,"NR_ERRONEOUS_VARIANCES":null,"EXECUTION_IDENTIFIER":"","OUTPUT_STATUS":"TIME_OUT","NR_FAILLING_COMPILATIONS":867,"NR_GENERATIONS":169,"TOTAL_TIME":109331.023,"NR_FAILING_VALIDATION_PROCESS":null},"patches":[{"VARIANT_ID":"89","VALIDATION":"|true|0|1304|[warning(junit.framework.TestSuite$1): Class org.apache.commons.math.ode.nonstiff.StepInterpolatorAbstractTest has no public constructor TestCase(String name) or TestCase()-]|","patchhunks":[{"LOCATION":"org.apache.commons.math.distribution.FDistributionImpl","PATH":"\\\/home1\\\/kwyyeung\\\/Math_95\\\/src\\\/java\\\/org\\\/apache\\\/commons\\\/math\\\/distribution\\\/FDistributionImpl.java","INGREDIENT_SCOPE":"PACKAGE","SUSPICIOUNESS":"0.577","INGREDIENT_PARENT":"ret = 1.0","PATCH_HUNK_TYPE":"CtAssignmentImpl|CtBlockImpl","ORIGINAL_CODE":"ret = d \\\/ (d - 2.0)","BUGGY_CODE_TYPE":"CtAssignmentImpl|CtBlockImpl","OPERATOR":"ReplaceOp","MODIFIED_FILE_PATH":"\\\/home1\\\/kwyyeung\\\/.\\\/output_astor\\\/AstorMain-Math_95\\\/\\\/src\\\/\\\/variant-89\\\/org\\\/apache\\\/commons\\\/math\\\/distribution\\\/FDistributionImpl.java","LINE":"147","MP_RANKING":"4","PATCH_HUNK_CODE":"ret = 1.0"}],"TIME":"3193","GENERATION":"8","FOLDER_SOLUTION_CODE":"\\\/home1\\\/kwyyeung\\\/.\\\/output_astor\\\/AstorMain-Math_95\\\/\\\/src\\\/\\\/variant-89","PATCH_DIFF_ORIG":"--- \\\/src\\\/java\\\/org\\\/apache\\\/commons\\\/math\\\/distribution\\\/FDistributionImpl.java\\n+++ \\\/src\\\/java\\\/org\\\/apache\\\/commons\\\/math\\\/distribution\\\/FDistributionImpl.java\\n@@ -142,9 +142,9 @@\\n \\n \\tprotected double getInitialDomain(double p) {\\n \\t\\tdouble ret;\\n-\\t\\tdouble d = getDenominatorDegreesOfFreedom();\\n+\\t\\tdouble d = getDenominatorDegreesOfFreedom(); \\t\\tret = 1.0;\\n+\\n \\n-\\t\\tret = d \\\/ (d - 2.0);\\n \\t\\treturn ret;\\n \\t}\\n \\n\\n"},{"VARIANT_ID":"572","VALIDATION":"|true|0|1304|[warning(junit.framework.TestSuite$1): Class org.apache.commons.math.ode.nonstiff.StepInterpolatorAbstractTest has no public constructor TestCase(String name) or TestCase()-]|","patchhunks":[{"LOCATION":"org.apache.commons.math.distribution.FDistributionImpl","PATH":"\\\/home1\\\/kwyyeung\\\/Math_95\\\/src\\\/java\\\/org\\\/apache\\\/commons\\\/math\\\/distribution\\\/FDistributionImpl.java","INGREDIENT_SCOPE":"PACKAGE","SUSPICIOUNESS":"0.577","INGREDIENT_PARENT":"return 1","PATCH_HUNK_TYPE":"CtReturnImpl|CtBlockImpl","ORIGINAL_CODE":"return ret","BUGGY_CODE_TYPE":"CtReturnImpl|CtBlockImpl","OPERATOR":"ReplaceOp","MODIFIED_FILE_PATH":"\\\/home1\\\/kwyyeung\\\/.\\\/output_astor\\\/AstorMain-Math_95\\\/\\\/src\\\/\\\/variant-572\\\/org\\\/apache\\\/commons\\\/math\\\/distribution\\\/FDistributionImpl.java","LINE":"148","MP_RANKING":"5","PATCH_HUNK_CODE":"return 1"}],"TIME":"30470","GENERATION":"52","FOLDER_SOLUTION_CODE":"\\\/home1\\\/kwyyeung\\\/.\\\/output_astor\\\/AstorMain-Math_95\\\/\\\/src\\\/\\\/variant-572","PATCH_DIFF_ORIG":"--- \\\/src\\\/java\\\/org\\\/apache\\\/commons\\\/math\\\/distribution\\\/FDistributionImpl.java\\n+++ \\\/src\\\/java\\\/org\\\/apache\\\/commons\\\/math\\\/distribution\\\/FDistributionImpl.java\\n@@ -145,7 +145,7 @@\\n \\t\\tdouble d = getDenominatorDegreesOfFreedom();\\n \\n \\t\\tret = d \\\/ (d - 2.0);\\n-\\t\\treturn ret;\\n+\\t\\treturn 1;\\n \\t}\\n \\n \\n\\n"},{"VARIANT_ID":"919","VALIDATION":"|true|0|1304|[warning(junit.framework.TestSuite$1): Class org.apache.commons.math.ode.nonstiff.StepInterpolatorAbstractTest has no public constructor TestCase(String name) or TestCase()-]|","patchhunks":[{"LOCATION":"org.apache.commons.math.distribution.FDistributionImpl","PATH":"\\\/home1\\\/kwyyeung\\\/Math_95\\\/src\\\/java\\\/org\\\/apache\\\/commons\\\/math\\\/distribution\\\/FDistributionImpl.java","INGREDIENT_SCOPE":"PACKAGE","SUSPICIOUNESS":"0.577","INGREDIENT_PARENT":"return 1.0","PATCH_HUNK_TYPE":"CtReturnImpl|CtBlockImpl","ORIGINAL_CODE":"return ret","BUGGY_CODE_TYPE":"CtReturnImpl|CtBlockImpl","OPERATOR":"ReplaceOp","MODIFIED_FILE_PATH":"\\\/home1\\\/kwyyeung\\\/.\\\/output_astor\\\/AstorMain-Math_95\\\/\\\/src\\\/\\\/variant-919\\\/org\\\/apache\\\/commons\\\/math\\\/distribution\\\/FDistributionImpl.java","LINE":"148","MP_RANKING":"5","PATCH_HUNK_CODE":"return 1.0"}],"TIME":"40962","GENERATION":"83","FOLDER_SOLUTION_CODE":"\\\/home1\\\/kwyyeung\\\/.\\\/output_astor\\\/AstorMain-Math_95\\\/\\\/src\\\/\\\/variant-919","PATCH_DIFF_ORIG":"--- \\\/src\\\/java\\\/org\\\/apache\\\/commons\\\/math\\\/distribution\\\/FDistributionImpl.java\\n+++ \\\/src\\\/java\\\/org\\\/apache\\\/commons\\\/math\\\/distribution\\\/FDistributionImpl.java\\n@@ -144,8 +144,8 @@\\n \\t\\tdouble ret;\\n \\t\\tdouble d = getDenominatorDegreesOfFreedom();\\n \\n-\\t\\tret = d \\\/ (d - 2.0);\\n-\\t\\treturn ret;\\n+\\t\\tret = d \\\/ (d - 2.0); \\t\\treturn 1.0;\\n+\\n \\t}\\n \\n \\n\\n"},{"VARIANT_ID":"1339","VALIDATION":"|true|0|1304|[warning(junit.framework.TestSuite$1): Class org.apache.commons.math.ode.nonstiff.StepInterpolatorAbstractTest has no public constructor TestCase(String name) or TestCase()-]|","patchhunks":[{"LOCATION":"org.apache.commons.math.distribution.FDistributionImpl","PATH":"\\\/home1\\\/kwyyeung\\\/Math_95\\\/src\\\/java\\\/org\\\/apache\\\/commons\\\/math\\\/distribution\\\/FDistributionImpl.java","INGREDIENT_SCOPE":"PACKAGE","SUSPICIOUNESS":"0.577","INGREDIENT_PARENT":"return 0.0","PATCH_HUNK_TYPE":"CtReturnImpl|CtBlockImpl","ORIGINAL_CODE":"return ret","BUGGY_CODE_TYPE":"CtReturnImpl|CtBlockImpl","OPERATOR":"ReplaceOp","MODIFIED_FILE_PATH":"\\\/home1\\\/kwyyeung\\\/.\\\/output_astor\\\/AstorMain-Math_95\\\/\\\/src\\\/\\\/variant-1339\\\/org\\\/apache\\\/commons\\\/math\\\/distribution\\\/FDistributionImpl.java","LINE":"148","MP_RANKING":"5","PATCH_HUNK_CODE":"return 0.0"}],"TIME":"59098","GENERATION":"121","FOLDER_SOLUTION_CODE":"\\\/home1\\\/kwyyeung\\\/.\\\/output_astor\\\/AstorMain-Math_95\\\/\\\/src\\\/\\\/variant-1339","PATCH_DIFF_ORIG":"--- \\\/src\\\/java\\\/org\\\/apache\\\/commons\\\/math\\\/distribution\\\/FDistributionImpl.java\\n+++ \\\/src\\\/java\\\/org\\\/apache\\\/commons\\\/math\\\/distribution\\\/FDistributionImpl.java\\n@@ -144,8 +144,8 @@\\n \\t\\tdouble ret;\\n \\t\\tdouble d = getDenominatorDegreesOfFreedom();\\n \\n-\\t\\tret = d \\\/ (d - 2.0);\\n-\\t\\treturn ret;\\n+\\t\\tret = d \\\/ (d - 2.0); \\t\\treturn 0.0;\\n+\\n \\t}\\n \\n \\n\\n"},{"VARIANT_ID":"1763","VALIDATION":"|true|0|1304|[warning(junit.framework.TestSuite$1): Class org.apache.commons.math.ode.nonstiff.StepInterpolatorAbstractTest has no public constructor TestCase(String name) or TestCase()-]|","patchhunks":[{"LOCATION":"org.apache.commons.math.distribution.FDistributionImpl","PATH":"\\\/home1\\\/kwyyeung\\\/Math_95\\\/src\\\/java\\\/org\\\/apache\\\/commons\\\/math\\\/distribution\\\/FDistributionImpl.java","INGREDIENT_SCOPE":"PACKAGE","SUSPICIOUNESS":"0.577","INGREDIENT_PARENT":"return java.lang.Double.MIN_VALUE","PATCH_HUNK_TYPE":"CtReturnImpl|CtBlockImpl","ORIGINAL_CODE":"return ret","BUGGY_CODE_TYPE":"CtReturnImpl|CtBlockImpl","OPERATOR":"ReplaceOp","MODIFIED_FILE_PATH":"\\\/home1\\\/kwyyeung\\\/.\\\/output_astor\\\/AstorMain-Math_95\\\/\\\/src\\\/\\\/variant-1763\\\/org\\\/apache\\\/commons\\\/math\\\/distribution\\\/FDistributionImpl.java","LINE":"148","MP_RANKING":"5","PATCH_HUNK_CODE":"return java.lang.Double.MIN_VALUE"}],"TIME":"84501","GENERATION":"160","FOLDER_SOLUTION_CODE":"\\\/home1\\\/kwyyeung\\\/.\\\/output_astor\\\/AstorMain-Math_95\\\/\\\/src\\\/\\\/variant-1763","PATCH_DIFF_ORIG":"--- \\\/src\\\/java\\\/org\\\/apache\\\/commons\\\/math\\\/distribution\\\/FDistributionImpl.java\\n+++ \\\/src\\\/java\\\/org\\\/apache\\\/commons\\\/math\\\/distribution\\\/FDistributionImpl.java\\n@@ -145,8 +145,6 @@\\n \\t\\tdouble d = getDenominatorDegreesOfFreedom();\\n \\n \\t\\tret = d \\\/ (d - 2.0);\\n-\\t\\treturn ret;\\n-\\t}\\n \\n \\n \\n@@ -154,18 +152,20 @@\\n \\n \\n \\n-\\tpublic void setNumeratorDegreesOfFreedom(double degreesOfFreedom) {\\n-\\t\\tif (degreesOfFreedom <= 0.0) {\\n-\\t\\t\\tthrow new java.lang.IllegalArgumentException(\\n-\\t\\t\\t\\\"degrees of freedom must be positive.\\\");\\n-\\t\\t}\\n-\\t\\tthis.numeratorDegreesOfFreedom = degreesOfFreedom;\\n-\\t}\\n \\n \\n \\n \\n \\n+\\n+\\n+\\n+\\n+\\n+\\n+\\n+\\t\\treturn java.lang.Double.MIN_VALUE;} \\tpublic void setNumeratorDegreesOfFreedom(double degreesOfFreedom) { \\t\\tif (degreesOfFreedom <= 0.0) { \\t\\t\\tthrow new java.lang.IllegalArgumentException(\\\"degrees of freedom must be positive.\\\");} \\t\\tthis.numeratorDegreesOfFreedom = degreesOfFreedom;}\\n+\\n \\tpublic double getNumeratorDegreesOfFreedom() {\\n \\t\\treturn numeratorDegreesOfFreedom;\\n \\t}\\n\\n"}]}