{"general":{"NR_RIGHT_COMPILATIONS":132707,"NR_ERRONEOUS_VARIANCES":null,"EXECUTION_IDENTIFIER":"","OUTPUT_STATUS":"TIME_OUT","NR_FAILLING_COMPILATIONS":44912,"NR_GENERATIONS":19690,"TOTAL_TIME":108000.367,"NR_FAILING_VALIDATION_PROCESS":null},"patches":[{"VARIANT_ID":"30","VALIDATION":"|true|0|2186|[]|","patchhunks":[{"LOCATION":"org.apache.commons.math.analysis.solvers.BisectionSolver","PATH":"\\\/home1\\\/kwyyeung\\\/buggy_versions\\\/Math_70\\\/src\\\/main\\\/java\\\/org\\\/apache\\\/commons\\\/math\\\/analysis\\\/solvers\\\/BisectionSolver.java","INGREDIENT_SCOPE":"PACKAGE","SUSPICIOUNESS":"1","INGREDIENT_PARENT":"return solve(f, initial, max)","PATCH_HUNK_TYPE":"CtReturnImpl|CtBlockImpl","ORIGINAL_CODE":"return solve(min, max)","BUGGY_CODE_TYPE":"CtReturnImpl|CtBlockImpl","OPERATOR":"ReplaceOp","MODIFIED_FILE_PATH":"\\\/home1\\\/kwyyeung\\\/.\\\/output_astor\\\/AstorMain-Math_70\\\/\\\/src\\\/\\\/variant-30\\\/org\\\/apache\\\/commons\\\/math\\\/analysis\\\/solvers\\\/BisectionSolver.java","LINE":"72","MP_RANKING":"0","PATCH_HUNK_CODE":"return solve(f, initial, max)"}],"TIME":"16","GENERATION":"2","FOLDER_SOLUTION_CODE":"\\\/home1\\\/kwyyeung\\\/.\\\/output_astor\\\/AstorMain-Math_70\\\/\\\/src\\\/\\\/variant-30","PATCH_DIFF_ORIG":"--- \\\/src\\\/main\\\/java\\\/org\\\/apache\\\/commons\\\/math\\\/analysis\\\/solvers\\\/BisectionSolver.java\\n+++ \\\/src\\\/main\\\/java\\\/org\\\/apache\\\/commons\\\/math\\\/analysis\\\/solvers\\\/BisectionSolver.java\\n@@ -69,40 +69,77 @@\\n \\n \\tpublic double solve(final org.apache.commons.math.analysis.UnivariateRealFunction f, double min, double max, double initial) throws \\n \\torg.apache.commons.math.FunctionEvaluationException, org.apache.commons.math.MaxIterationsExceededException {\\n-\\t\\treturn solve(min, max);\\n-\\t}\\n \\n \\n-\\tpublic double solve(final org.apache.commons.math.analysis.UnivariateRealFunction f, double min, double max) throws \\n-\\torg.apache.commons.math.FunctionEvaluationException, org.apache.commons.math.MaxIterationsExceededException {\\n \\n-\\t\\tclearResult();\\n-\\t\\tverifyInterval(min, max);\\n-\\t\\tdouble m;\\n-\\t\\tdouble fm;\\n-\\t\\tdouble fmin;\\n-\\n-\\t\\tint i = 0;\\n-\\t\\twhile (i < maximalIterationCount) {\\n-\\t\\t\\tm = org.apache.commons.math.analysis.solvers.UnivariateRealSolverUtils.midpoint(min, max);\\n-\\t\\t\\tfmin = f.value(min);\\n-\\t\\t\\tfm = f.value(m);\\n-\\n-\\t\\t\\tif ((fm * fmin) > 0.0) {\\n-\\n-\\t\\t\\t\\tmin = m;\\n-\\t\\t\\t} else {\\n-\\n-\\t\\t\\t\\tmax = m;\\n-\\t\\t\\t}\\n-\\n-\\t\\t\\tif (java.lang.Math.abs(max - min) <= absoluteAccuracy) {\\n-\\t\\t\\t\\tm = org.apache.commons.math.analysis.solvers.UnivariateRealSolverUtils.midpoint(min, max);\\n-\\t\\t\\t\\tsetResult(m, i);\\n-\\t\\t\\t\\treturn m;\\n-\\t\\t\\t}\\n-\\t\\t\\t++i;\\n-\\t\\t} \\n \\n-\\t\\tthrow new org.apache.commons.math.MaxIterationsExceededException(maximalIterationCount);\\n-\\t}}\\n\\\\ No newline at end of file\\n+\\n+\\n+\\n+\\n+\\n+\\n+\\n+\\n+\\n+\\n+\\n+\\n+\\n+\\n+\\n+\\n+\\n+\\n+\\n+\\n+\\n+\\n+\\n+\\n+\\n+\\n+\\n+\\n+\\n+\\n+\\n+\\n+\\n+\\n+\\n+\\n+\\n+\\n+\\n+\\n+\\n+\\n+\\n+\\n+\\n+\\n+\\n+\\n+\\n+\\n+\\n+\\n+\\n+\\n+\\n+\\n+\\n+\\n+\\n+\\n+\\n+\\n+\\n+\\n+\\n+\\n+\\n+\\n+\\n+\\t\\treturn solve(f, initial, max);} \\tpublic double solve(final org.apache.commons.math.analysis.UnivariateRealFunction f, double min, double max) throws org.apache.commons.math.FunctionEvaluationException, org.apache.commons.math.MaxIterationsExceededException { \\t\\tclearResult(); \\t\\tverifyInterval(min, max); \\t\\tdouble m; \\t\\tdouble fm; \\t\\tdouble fmin; \\t\\tint i = 0; \\t\\twhile (i < maximalIterationCount) { \\t\\t\\tm = org.apache.commons.math.analysis.solvers.UnivariateRealSolverUtils.midpoint(min, max); \\t\\t\\tfmin = f.value(min); \\t\\t\\tfm = f.value(m); \\t\\t\\tif ((fm * fmin) > 0.0) { \\t\\t\\t\\tmin = m;} else { \\t\\t\\t\\tmax = m;} \\t\\t\\tif (java.lang.Math.abs(max - min) <= absoluteAccuracy) { \\t\\t\\t\\tm = org.apache.commons.math.analysis.solvers.UnivariateRealSolverUtils.midpoint(min, max); \\t\\t\\t\\tsetResult(m, i); \\t\\t\\t\\treturn m;} \\t\\t\\t++i;} \\t\\tthrow new org.apache.commons.math.MaxIterationsExceededException(maximalIterationCount);}}\\n\\\\ No newline at end of file\\n\\n"},{"VARIANT_ID":"487","VALIDATION":"|true|0|2186|[]|","patchhunks":[{"LOCATION":"org.apache.commons.math.analysis.solvers.BisectionSolver","PATH":"\\\/home1\\\/kwyyeung\\\/buggy_versions\\\/Math_70\\\/src\\\/main\\\/java\\\/org\\\/apache\\\/commons\\\/math\\\/analysis\\\/solvers\\\/BisectionSolver.java","INGREDIENT_SCOPE":"LOCAL","SUSPICIOUNESS":"1","INGREDIENT_PARENT":"return solve(f, min, max)","PATCH_HUNK_TYPE":"CtReturnImpl|CtBlockImpl","ORIGINAL_CODE":"return solve(min, max)","BUGGY_CODE_TYPE":"CtReturnImpl|CtBlockImpl","OPERATOR":"ReplaceOp","MODIFIED_FILE_PATH":"\\\/home1\\\/kwyyeung\\\/.\\\/output_astor\\\/AstorMain-Math_70\\\/\\\/src\\\/\\\/variant-487\\\/org\\\/apache\\\/commons\\\/math\\\/analysis\\\/solvers\\\/BisectionSolver.java","LINE":"72","MP_RANKING":"0","PATCH_HUNK_CODE":"return solve(f, min, max)"}],"TIME":"157","GENERATION":"44","FOLDER_SOLUTION_CODE":"\\\/home1\\\/kwyyeung\\\/.\\\/output_astor\\\/AstorMain-Math_70\\\/\\\/src\\\/\\\/variant-487","PATCH_DIFF_ORIG":"--- \\\/src\\\/main\\\/java\\\/org\\\/apache\\\/commons\\\/math\\\/analysis\\\/solvers\\\/BisectionSolver.java\\n+++ \\\/src\\\/main\\\/java\\\/org\\\/apache\\\/commons\\\/math\\\/analysis\\\/solvers\\\/BisectionSolver.java\\n@@ -68,8 +68,8 @@\\n \\n \\n \\tpublic double solve(final org.apache.commons.math.analysis.UnivariateRealFunction f, double min, double max, double initial) throws \\n-\\torg.apache.commons.math.FunctionEvaluationException, org.apache.commons.math.MaxIterationsExceededException {\\n-\\t\\treturn solve(min, max);\\n+\\torg.apache.commons.math.FunctionEvaluationException, org.apache.commons.math.MaxIterationsExceededException { \\t\\treturn solve(f, min, max);\\n+\\n \\t}\\n \\n \\n\\n"}]}