{"general":{"NR_RIGHT_COMPILATIONS":132367,"NR_ERRONEOUS_VARIANCES":null,"EXECUTION_IDENTIFIER":"","OUTPUT_STATUS":"TIME_OUT","NR_FAILLING_COMPILATIONS":12033,"NR_GENERATIONS":14440,"TOTAL_TIME":108005.812,"NR_FAILING_VALIDATION_PROCESS":null},"patches":[{"VARIANT_ID":"634","VALIDATION":"|true|0|2142|[]|","patchhunks":[{"LOCATION":"org.apache.commons.math.analysis.solvers.BrentSolver","PATH":"\\\/home1\\\/kwyyeung\\\/buggy_versions\\\/Math_73\\\/src\\\/main\\\/java\\\/org\\\/apache\\\/commons\\\/math\\\/analysis\\\/solvers\\\/BrentSolver.java","INGREDIENT_SCOPE":"PACKAGE","SUSPICIOUNESS":"0.707","INGREDIENT_PARENT":"verifyBracketing(min, max, f)","PATCH_HUNK_TYPE":"CtInvocationImpl|CtBlockImpl","ORIGINAL_CODE":"if ((yInitial * yMax) < 0) {\\n\\treturn solve(f, initial, yInitial, max, yMax, initial, yInitial);\\n}","BUGGY_CODE_TYPE":"CtIfImpl|CtBlockImpl","OPERATOR":"InsertBeforeOp","MODIFIED_FILE_PATH":"\\\/home1\\\/kwyyeung\\\/.\\\/output_astor\\\/AstorMain-Math_73\\\/\\\/src\\\/\\\/variant-634\\\/org\\\/apache\\\/commons\\\/math\\\/analysis\\\/solvers\\\/BrentSolver.java","LINE":"132","MP_RANKING":"12","PATCH_HUNK_CODE":"verifyBracketing(min, max, f)"}],"TIME":"286","GENERATION":"57","FOLDER_SOLUTION_CODE":"\\\/home1\\\/kwyyeung\\\/.\\\/output_astor\\\/AstorMain-Math_73\\\/\\\/src\\\/\\\/variant-634","PATCH_DIFF_ORIG":"--- \\\/src\\\/main\\\/java\\\/org\\\/apache\\\/commons\\\/math\\\/analysis\\\/solvers\\\/BrentSolver.java\\n+++ \\\/src\\\/main\\\/java\\\/org\\\/apache\\\/commons\\\/math\\\/analysis\\\/solvers\\\/BrentSolver.java\\n@@ -129,14 +129,14 @@\\n \\t\\t}\\n \\n \\n-\\t\\tif ((yInitial * yMax) < 0) {\\n-\\t\\t\\treturn solve(f, initial, yInitial, max, yMax, initial, yInitial);\\n-\\t\\t}\\n \\n \\n \\n-\\t\\treturn solve(f, min, yMin, max, yMax, initial, yInitial);\\n \\n+\\n+\\n+\\n+\\t\\tverifyBracketing(min, max, f); \\t\\tif ((yInitial * yMax) < 0) { \\t\\t\\treturn solve(f, initial, yInitial, max, yMax, initial, yInitial);} \\t\\treturn solve(f, min, yMin, max, yMax, initial, yInitial);\\n \\t}\\n \\n \\n@@ -296,11 +296,11 @@\\n \\n \\t\\t\\tif (java.lang.Math.abs(delta) > tolerance) {\\n \\t\\t\\t\\tx1 = x1 + delta;\\n-\\t\\t\\t} else { \\t\\t\\t\\tif (dx > 0.0) {\\n+\\t\\t\\t} else \\t\\t\\t\\tif (dx > 0.0) {\\n \\t\\t\\t\\t\\tx1 = x1 + (0.5 * tolerance);\\n \\t\\t\\t\\t} else \\t\\t\\t\\t\\tif (dx <= 0.0) {\\n \\t\\t\\t\\t\\t\\tx1 = x1 - (0.5 * tolerance);\\n-\\t\\t\\t\\t\\t}}\\n+\\t\\t\\t\\t\\t}\\n \\t\\t\\ty1 = f.value(x1);\\n \\t\\t\\tif ((y1 > 0) == (y2 > 0)) {\\n \\t\\t\\t\\tx2 = x0;\\n\\n"},{"VARIANT_ID":"985","VALIDATION":"|true|0|2142|[]|","patchhunks":[{"LOCATION":"org.apache.commons.math.analysis.solvers.BrentSolver","PATH":"\\\/home1\\\/kwyyeung\\\/buggy_versions\\\/Math_73\\\/src\\\/main\\\/java\\\/org\\\/apache\\\/commons\\\/math\\\/analysis\\\/solvers\\\/BrentSolver.java","INGREDIENT_SCOPE":"PACKAGE","SUSPICIOUNESS":"1","INGREDIENT_PARENT":"return solve(f, initial, max)","PATCH_HUNK_TYPE":"CtReturnImpl|CtBlockImpl","ORIGINAL_CODE":"return solve(f, min, yMin, max, yMax, initial, yInitial)","BUGGY_CODE_TYPE":"CtReturnImpl|CtBlockImpl","OPERATOR":"ReplaceOp","MODIFIED_FILE_PATH":"\\\/home1\\\/kwyyeung\\\/.\\\/output_astor\\\/AstorMain-Math_73\\\/\\\/src\\\/\\\/variant-985\\\/org\\\/apache\\\/commons\\\/math\\\/analysis\\\/solvers\\\/BrentSolver.java","LINE":"138","MP_RANKING":"0","PATCH_HUNK_CODE":"return solve(f, initial, max)"}],"TIME":"436","GENERATION":"89","FOLDER_SOLUTION_CODE":"\\\/home1\\\/kwyyeung\\\/.\\\/output_astor\\\/AstorMain-Math_73\\\/\\\/src\\\/\\\/variant-985","PATCH_DIFF_ORIG":"--- \\\/src\\\/main\\\/java\\\/org\\\/apache\\\/commons\\\/math\\\/analysis\\\/solvers\\\/BrentSolver.java\\n+++ \\\/src\\\/main\\\/java\\\/org\\\/apache\\\/commons\\\/math\\\/analysis\\\/solvers\\\/BrentSolver.java\\n@@ -135,14 +135,14 @@\\n \\n \\n \\n-\\t\\treturn solve(f, min, yMin, max, yMax, initial, yInitial);\\n \\n-\\t}\\n \\n \\n \\n \\n \\n+\\t\\treturn solve(f, initial, max);}\\n+\\n \\n \\n \\n\\n"},{"VARIANT_ID":"1948","VALIDATION":"|true|0|2142|[]|","patchhunks":[{"LOCATION":"org.apache.commons.math.analysis.solvers.BrentSolver","PATH":"\\\/home1\\\/kwyyeung\\\/buggy_versions\\\/Math_73\\\/src\\\/main\\\/java\\\/org\\\/apache\\\/commons\\\/math\\\/analysis\\\/solvers\\\/BrentSolver.java","INGREDIENT_SCOPE":"PACKAGE","SUSPICIOUNESS":"1","INGREDIENT_PARENT":"return solve(f, min, max)","PATCH_HUNK_TYPE":"CtReturnImpl|CtBlockImpl","ORIGINAL_CODE":"return solve(f, min, yMin, max, yMax, initial, yInitial)","BUGGY_CODE_TYPE":"CtReturnImpl|CtBlockImpl","OPERATOR":"ReplaceOp","MODIFIED_FILE_PATH":"\\\/home1\\\/kwyyeung\\\/.\\\/output_astor\\\/AstorMain-Math_73\\\/\\\/src\\\/\\\/variant-1948\\\/org\\\/apache\\\/commons\\\/math\\\/analysis\\\/solvers\\\/BrentSolver.java","LINE":"138","MP_RANKING":"0","PATCH_HUNK_CODE":"return solve(f, min, max)"}],"TIME":"852","GENERATION":"177","FOLDER_SOLUTION_CODE":"\\\/home1\\\/kwyyeung\\\/.\\\/output_astor\\\/AstorMain-Math_73\\\/\\\/src\\\/\\\/variant-1948","PATCH_DIFF_ORIG":"--- \\\/src\\\/main\\\/java\\\/org\\\/apache\\\/commons\\\/math\\\/analysis\\\/solvers\\\/BrentSolver.java\\n+++ \\\/src\\\/main\\\/java\\\/org\\\/apache\\\/commons\\\/math\\\/analysis\\\/solvers\\\/BrentSolver.java\\n@@ -131,11 +131,11 @@\\n \\n \\t\\tif ((yInitial * yMax) < 0) {\\n \\t\\t\\treturn solve(f, initial, yInitial, max, yMax, initial, yInitial);\\n-\\t\\t}\\n+\\t\\t} \\t\\treturn solve(f, min, max);\\n+\\n \\n \\n \\n-\\t\\treturn solve(f, min, yMin, max, yMax, initial, yInitial);\\n \\n \\t}\\n \\n\\n"},{"VARIANT_ID":"2136","VALIDATION":"|true|0|2142|[]|","patchhunks":[{"LOCATION":"org.apache.commons.math.analysis.solvers.BrentSolver","PATH":"\\\/home1\\\/kwyyeung\\\/buggy_versions\\\/Math_73\\\/src\\\/main\\\/java\\\/org\\\/apache\\\/commons\\\/math\\\/analysis\\\/solvers\\\/BrentSolver.java","INGREDIENT_SCOPE":"PACKAGE","SUSPICIOUNESS":"1","INGREDIENT_PARENT":"return solve(f, min, initial)","PATCH_HUNK_TYPE":"CtReturnImpl|CtBlockImpl","ORIGINAL_CODE":"return solve(f, min, yMin, max, yMax, initial, yInitial)","BUGGY_CODE_TYPE":"CtReturnImpl|CtBlockImpl","OPERATOR":"ReplaceOp","MODIFIED_FILE_PATH":"\\\/home1\\\/kwyyeung\\\/.\\\/output_astor\\\/AstorMain-Math_73\\\/\\\/src\\\/\\\/variant-2136\\\/org\\\/apache\\\/commons\\\/math\\\/analysis\\\/solvers\\\/BrentSolver.java","LINE":"138","MP_RANKING":"0","PATCH_HUNK_CODE":"return solve(f, min, initial)"}],"TIME":"944","GENERATION":"194","FOLDER_SOLUTION_CODE":"\\\/home1\\\/kwyyeung\\\/.\\\/output_astor\\\/AstorMain-Math_73\\\/\\\/src\\\/\\\/variant-2136","PATCH_DIFF_ORIG":"--- \\\/src\\\/main\\\/java\\\/org\\\/apache\\\/commons\\\/math\\\/analysis\\\/solvers\\\/BrentSolver.java\\n+++ \\\/src\\\/main\\\/java\\\/org\\\/apache\\\/commons\\\/math\\\/analysis\\\/solvers\\\/BrentSolver.java\\n@@ -135,12 +135,12 @@\\n \\n \\n \\n-\\t\\treturn solve(f, min, yMin, max, yMax, initial, yInitial);\\n \\n-\\t}\\n \\n \\n \\n+\\t\\treturn solve(f, min, initial);}\\n+\\n \\n \\n \\n\\n"},{"VARIANT_ID":"7225","VALIDATION":"|true|0|2142|[]|","patchhunks":[{"LOCATION":"org.apache.commons.math.analysis.solvers.BrentSolver","PATH":"\\\/home1\\\/kwyyeung\\\/buggy_versions\\\/Math_73\\\/src\\\/main\\\/java\\\/org\\\/apache\\\/commons\\\/math\\\/analysis\\\/solvers\\\/BrentSolver.java","INGREDIENT_SCOPE":"PACKAGE","SUSPICIOUNESS":"0.707","INGREDIENT_PARENT":"verifyBracketing(min, max, f)","PATCH_HUNK_TYPE":"CtInvocationImpl|CtBlockImpl","ORIGINAL_CODE":"double yMin = f.value(min)","BUGGY_CODE_TYPE":"CtLocalVariableImpl|CtBlockImpl","OPERATOR":"InsertBeforeOp","MODIFIED_FILE_PATH":"\\\/home1\\\/kwyyeung\\\/.\\\/output_astor\\\/AstorMain-Math_73\\\/\\\/src\\\/\\\/variant-7225\\\/org\\\/apache\\\/commons\\\/math\\\/analysis\\\/solvers\\\/BrentSolver.java","LINE":"113","MP_RANKING":"7","PATCH_HUNK_CODE":"verifyBracketing(min, max, f)"}],"TIME":"3191","GENERATION":"656","FOLDER_SOLUTION_CODE":"\\\/home1\\\/kwyyeung\\\/.\\\/output_astor\\\/AstorMain-Math_73\\\/\\\/src\\\/\\\/variant-7225","PATCH_DIFF_ORIG":"--- \\\/src\\\/main\\\/java\\\/org\\\/apache\\\/commons\\\/math\\\/analysis\\\/solvers\\\/BrentSolver.java\\n+++ \\\/src\\\/main\\\/java\\\/org\\\/apache\\\/commons\\\/math\\\/analysis\\\/solvers\\\/BrentSolver.java\\n@@ -110,33 +110,33 @@\\n \\t\\t}\\n \\n \\n-\\t\\tdouble yMin = f.value(min);\\n-\\t\\tif (java.lang.Math.abs(yMin) <= functionValueAccuracy) {\\n-\\t\\t\\tsetResult(yMin, 0);\\n-\\t\\t\\treturn result;\\n-\\t\\t}\\n \\n \\n-\\t\\tif ((yInitial * yMin) < 0) {\\n-\\t\\t\\treturn solve(f, min, yMin, initial, yInitial, min, yMin);\\n-\\t\\t}\\n \\n \\n-\\t\\tdouble yMax = f.value(max);\\n-\\t\\tif (java.lang.Math.abs(yMax) <= functionValueAccuracy) {\\n-\\t\\t\\tsetResult(yMax, 0);\\n-\\t\\t\\treturn result;\\n-\\t\\t}\\n \\n \\n-\\t\\tif ((yInitial * yMax) < 0) {\\n-\\t\\t\\treturn solve(f, initial, yInitial, max, yMax, initial, yInitial);\\n-\\t\\t}\\n \\n \\n \\n-\\t\\treturn solve(f, min, yMin, max, yMax, initial, yInitial);\\n \\n+\\n+\\n+\\n+\\n+\\n+\\n+\\n+\\n+\\n+\\n+\\n+\\n+\\n+\\n+\\n+\\n+\\t\\tverifyBracketing(min, max, f); \\t\\tdouble yMin = f.value(min); \\t\\tif (java.lang.Math.abs(yMin) <= functionValueAccuracy) { \\t\\t\\tsetResult(yMin, 0); \\t\\t\\treturn result;} \\t\\tif ((yInitial * yMin) < 0) { \\t\\t\\treturn solve(f, min, yMin, initial, yInitial, min, yMin);} \\t\\tdouble yMax = f.value(max); \\t\\tif (java.lang.Math.abs(yMax) <= functionValueAccuracy) { \\t\\t\\tsetResult(yMax, 0); \\t\\t\\treturn result;} \\t\\tif ((yInitial * yMax) < 0) { \\t\\t\\treturn solve(f, initial, yInitial, max, yMax, initial, yInitial);} \\t\\treturn solve(f, min, yMin, max, yMax, initial, yInitial);\\n \\t}\\n \\n \\n\\n"},{"VARIANT_ID":"7697","VALIDATION":"|true|0|2142|[]|","patchhunks":[{"LOCATION":"org.apache.commons.math.analysis.solvers.BrentSolver","PATH":"\\\/home1\\\/kwyyeung\\\/buggy_versions\\\/Math_73\\\/src\\\/main\\\/java\\\/org\\\/apache\\\/commons\\\/math\\\/analysis\\\/solvers\\\/BrentSolver.java","INGREDIENT_SCOPE":"PACKAGE","SUSPICIOUNESS":"0.707","INGREDIENT_PARENT":"verifyBracketing(min, max, f)","PATCH_HUNK_TYPE":"CtInvocationImpl|CtBlockImpl","ORIGINAL_CODE":"if (java.lang.Math.abs(yMin) <= functionValueAccuracy) {\\n\\tsetResult(yMin, 0);\\n\\treturn result;\\n}","BUGGY_CODE_TYPE":"CtIfImpl|CtBlockImpl","OPERATOR":"InsertAfterOp","MODIFIED_FILE_PATH":"\\\/home1\\\/kwyyeung\\\/.\\\/output_astor\\\/AstorMain-Math_73\\\/\\\/src\\\/\\\/variant-7697\\\/org\\\/apache\\\/commons\\\/math\\\/analysis\\\/solvers\\\/BrentSolver.java","LINE":"114","MP_RANKING":"8","PATCH_HUNK_CODE":"verifyBracketing(min, max, f)"}],"TIME":"3400","GENERATION":"699","FOLDER_SOLUTION_CODE":"\\\/home1\\\/kwyyeung\\\/.\\\/output_astor\\\/AstorMain-Math_73\\\/\\\/src\\\/\\\/variant-7697","PATCH_DIFF_ORIG":"--- \\\/src\\\/main\\\/java\\\/org\\\/apache\\\/commons\\\/math\\\/analysis\\\/solvers\\\/BrentSolver.java\\n+++ \\\/src\\\/main\\\/java\\\/org\\\/apache\\\/commons\\\/math\\\/analysis\\\/solvers\\\/BrentSolver.java\\n@@ -117,26 +117,26 @@\\n \\t\\t}\\n \\n \\n-\\t\\tif ((yInitial * yMin) < 0) {\\n-\\t\\t\\treturn solve(f, min, yMin, initial, yInitial, min, yMin);\\n-\\t\\t}\\n \\n \\n-\\t\\tdouble yMax = f.value(max);\\n-\\t\\tif (java.lang.Math.abs(yMax) <= functionValueAccuracy) {\\n-\\t\\t\\tsetResult(yMax, 0);\\n-\\t\\t\\treturn result;\\n-\\t\\t}\\n \\n \\n-\\t\\tif ((yInitial * yMax) < 0) {\\n-\\t\\t\\treturn solve(f, initial, yInitial, max, yMax, initial, yInitial);\\n-\\t\\t}\\n \\n \\n \\n-\\t\\treturn solve(f, min, yMin, max, yMax, initial, yInitial);\\n \\n+\\n+\\n+\\n+\\n+\\n+\\n+\\n+\\n+\\n+\\n+\\n+\\t\\tverifyBracketing(min, max, f); \\t\\tif ((yInitial * yMin) < 0) { \\t\\t\\treturn solve(f, min, yMin, initial, yInitial, min, yMin);} \\t\\tdouble yMax = f.value(max); \\t\\tif (java.lang.Math.abs(yMax) <= functionValueAccuracy) { \\t\\t\\tsetResult(yMax, 0); \\t\\t\\treturn result;} \\t\\tif ((yInitial * yMax) < 0) { \\t\\t\\treturn solve(f, initial, yInitial, max, yMax, initial, yInitial);} \\t\\treturn solve(f, min, yMin, max, yMax, initial, yInitial);\\n \\t}\\n \\n \\n\\n"},{"VARIANT_ID":"15420","VALIDATION":"|true|0|2142|[]|","patchhunks":[{"LOCATION":"org.apache.commons.math.analysis.solvers.BrentSolver","PATH":"\\\/home1\\\/kwyyeung\\\/buggy_versions\\\/Math_73\\\/src\\\/main\\\/java\\\/org\\\/apache\\\/commons\\\/math\\\/analysis\\\/solvers\\\/BrentSolver.java","INGREDIENT_SCOPE":"PACKAGE","SUSPICIOUNESS":"0.707","INGREDIENT_PARENT":"verifyBracketing(min, max, f)","PATCH_HUNK_TYPE":"CtInvocationImpl|CtBlockImpl","ORIGINAL_CODE":"if (java.lang.Math.abs(yMax) <= functionValueAccuracy) {\\n\\tsetResult(yMax, 0);\\n\\treturn result;\\n}","BUGGY_CODE_TYPE":"CtIfImpl|CtBlockImpl","OPERATOR":"InsertAfterOp","MODIFIED_FILE_PATH":"\\\/home1\\\/kwyyeung\\\/.\\\/output_astor\\\/AstorMain-Math_73\\\/\\\/src\\\/\\\/variant-15420\\\/org\\\/apache\\\/commons\\\/math\\\/analysis\\\/solvers\\\/BrentSolver.java","LINE":"126","MP_RANKING":"11","PATCH_HUNK_CODE":"verifyBracketing(min, max, f)"}],"TIME":"6894","GENERATION":"1401","FOLDER_SOLUTION_CODE":"\\\/home1\\\/kwyyeung\\\/.\\\/output_astor\\\/AstorMain-Math_73\\\/\\\/src\\\/\\\/variant-15420","PATCH_DIFF_ORIG":"--- \\\/src\\\/main\\\/java\\\/org\\\/apache\\\/commons\\\/math\\\/analysis\\\/solvers\\\/BrentSolver.java\\n+++ \\\/src\\\/main\\\/java\\\/org\\\/apache\\\/commons\\\/math\\\/analysis\\\/solvers\\\/BrentSolver.java\\n@@ -129,14 +129,14 @@\\n \\t\\t}\\n \\n \\n-\\t\\tif ((yInitial * yMax) < 0) {\\n-\\t\\t\\treturn solve(f, initial, yInitial, max, yMax, initial, yInitial);\\n-\\t\\t}\\n \\n \\n \\n-\\t\\treturn solve(f, min, yMin, max, yMax, initial, yInitial);\\n \\n+\\n+\\n+\\n+\\t\\tverifyBracketing(min, max, f); \\t\\tif ((yInitial * yMax) < 0) { \\t\\t\\treturn solve(f, initial, yInitial, max, yMax, initial, yInitial);} \\t\\treturn solve(f, min, yMin, max, yMax, initial, yInitial);\\n \\t}\\n \\n \\n\\n"},{"VARIANT_ID":"16658","VALIDATION":"|true|0|2142|[]|","patchhunks":[{"LOCATION":"org.apache.commons.math.analysis.solvers.BrentSolver","PATH":"\\\/home1\\\/kwyyeung\\\/buggy_versions\\\/Math_73\\\/src\\\/main\\\/java\\\/org\\\/apache\\\/commons\\\/math\\\/analysis\\\/solvers\\\/BrentSolver.java","INGREDIENT_SCOPE":"PACKAGE","SUSPICIOUNESS":"0.707","INGREDIENT_PARENT":"verifyBracketing(min, max, f)","PATCH_HUNK_TYPE":"CtInvocationImpl|CtBlockImpl","ORIGINAL_CODE":"if (java.lang.Math.abs(yInitial) <= functionValueAccuracy) {\\n\\tsetResult(initial, 0);\\n\\treturn result;\\n}","BUGGY_CODE_TYPE":"CtIfImpl|CtBlockImpl","OPERATOR":"InsertAfterOp","MODIFIED_FILE_PATH":"\\\/home1\\\/kwyyeung\\\/.\\\/output_astor\\\/AstorMain-Math_73\\\/\\\/src\\\/\\\/variant-16658\\\/org\\\/apache\\\/commons\\\/math\\\/analysis\\\/solvers\\\/BrentSolver.java","LINE":"107","MP_RANKING":"6","PATCH_HUNK_CODE":"verifyBracketing(min, max, f)"}],"TIME":"7510","GENERATION":"1514","FOLDER_SOLUTION_CODE":"\\\/home1\\\/kwyyeung\\\/.\\\/output_astor\\\/AstorMain-Math_73\\\/\\\/src\\\/\\\/variant-16658","PATCH_DIFF_ORIG":"--- \\\/src\\\/main\\\/java\\\/org\\\/apache\\\/commons\\\/math\\\/analysis\\\/solvers\\\/BrentSolver.java\\n+++ \\\/src\\\/main\\\/java\\\/org\\\/apache\\\/commons\\\/math\\\/analysis\\\/solvers\\\/BrentSolver.java\\n@@ -110,33 +110,33 @@\\n \\t\\t}\\n \\n \\n-\\t\\tdouble yMin = f.value(min);\\n-\\t\\tif (java.lang.Math.abs(yMin) <= functionValueAccuracy) {\\n-\\t\\t\\tsetResult(yMin, 0);\\n-\\t\\t\\treturn result;\\n-\\t\\t}\\n \\n \\n-\\t\\tif ((yInitial * yMin) < 0) {\\n-\\t\\t\\treturn solve(f, min, yMin, initial, yInitial, min, yMin);\\n-\\t\\t}\\n \\n \\n-\\t\\tdouble yMax = f.value(max);\\n-\\t\\tif (java.lang.Math.abs(yMax) <= functionValueAccuracy) {\\n-\\t\\t\\tsetResult(yMax, 0);\\n-\\t\\t\\treturn result;\\n-\\t\\t}\\n \\n \\n-\\t\\tif ((yInitial * yMax) < 0) {\\n-\\t\\t\\treturn solve(f, initial, yInitial, max, yMax, initial, yInitial);\\n-\\t\\t}\\n \\n \\n \\n-\\t\\treturn solve(f, min, yMin, max, yMax, initial, yInitial);\\n \\n+\\n+\\n+\\n+\\n+\\n+\\n+\\n+\\n+\\n+\\n+\\n+\\n+\\n+\\n+\\n+\\n+\\t\\tverifyBracketing(min, max, f); \\t\\tdouble yMin = f.value(min); \\t\\tif (java.lang.Math.abs(yMin) <= functionValueAccuracy) { \\t\\t\\tsetResult(yMin, 0); \\t\\t\\treturn result;} \\t\\tif ((yInitial * yMin) < 0) { \\t\\t\\treturn solve(f, min, yMin, initial, yInitial, min, yMin);} \\t\\tdouble yMax = f.value(max); \\t\\tif (java.lang.Math.abs(yMax) <= functionValueAccuracy) { \\t\\t\\tsetResult(yMax, 0); \\t\\t\\treturn result;} \\t\\tif ((yInitial * yMax) < 0) { \\t\\t\\treturn solve(f, initial, yInitial, max, yMax, initial, yInitial);} \\t\\treturn solve(f, min, yMin, max, yMax, initial, yInitial);\\n \\t}\\n \\n \\n\\n"},{"VARIANT_ID":"19328","VALIDATION":"|true|0|2142|[]|","patchhunks":[{"LOCATION":"org.apache.commons.math.analysis.solvers.BrentSolver","PATH":"\\\/home1\\\/kwyyeung\\\/buggy_versions\\\/Math_73\\\/src\\\/main\\\/java\\\/org\\\/apache\\\/commons\\\/math\\\/analysis\\\/solvers\\\/BrentSolver.java","INGREDIENT_SCOPE":"PACKAGE","SUSPICIOUNESS":"0.707","INGREDIENT_PARENT":"verifyBracketing(min, max, f)","PATCH_HUNK_TYPE":"CtInvocationImpl|CtBlockImpl","ORIGINAL_CODE":"if ((yInitial * yMin) < 0) {\\n\\treturn solve(f, min, yMin, initial, yInitial, min, yMin);\\n}","BUGGY_CODE_TYPE":"CtIfImpl|CtBlockImpl","OPERATOR":"InsertAfterOp","MODIFIED_FILE_PATH":"\\\/home1\\\/kwyyeung\\\/.\\\/output_astor\\\/AstorMain-Math_73\\\/\\\/src\\\/\\\/variant-19328\\\/org\\\/apache\\\/commons\\\/math\\\/analysis\\\/solvers\\\/BrentSolver.java","LINE":"120","MP_RANKING":"9","PATCH_HUNK_CODE":"verifyBracketing(min, max, f)"}],"TIME":"8823","GENERATION":"1757","FOLDER_SOLUTION_CODE":"\\\/home1\\\/kwyyeung\\\/.\\\/output_astor\\\/AstorMain-Math_73\\\/\\\/src\\\/\\\/variant-19328","PATCH_DIFF_ORIG":"--- \\\/src\\\/main\\\/java\\\/org\\\/apache\\\/commons\\\/math\\\/analysis\\\/solvers\\\/BrentSolver.java\\n+++ \\\/src\\\/main\\\/java\\\/org\\\/apache\\\/commons\\\/math\\\/analysis\\\/solvers\\\/BrentSolver.java\\n@@ -122,21 +122,21 @@\\n \\t\\t}\\n \\n \\n-\\t\\tdouble yMax = f.value(max);\\n-\\t\\tif (java.lang.Math.abs(yMax) <= functionValueAccuracy) {\\n-\\t\\t\\tsetResult(yMax, 0);\\n-\\t\\t\\treturn result;\\n-\\t\\t}\\n \\n \\n-\\t\\tif ((yInitial * yMax) < 0) {\\n-\\t\\t\\treturn solve(f, initial, yInitial, max, yMax, initial, yInitial);\\n-\\t\\t}\\n \\n \\n \\n-\\t\\treturn solve(f, min, yMin, max, yMax, initial, yInitial);\\n \\n+\\n+\\n+\\n+\\n+\\n+\\n+\\n+\\n+\\t\\tverifyBracketing(min, max, f); \\t\\tdouble yMax = f.value(max); \\t\\tif (java.lang.Math.abs(yMax) <= functionValueAccuracy) { \\t\\t\\tsetResult(yMax, 0); \\t\\t\\treturn result;} \\t\\tif ((yInitial * yMax) < 0) { \\t\\t\\treturn solve(f, initial, yInitial, max, yMax, initial, yInitial);} \\t\\treturn solve(f, min, yMin, max, yMax, initial, yInitial);\\n \\t}\\n \\n \\n\\n"},{"VARIANT_ID":"21156","VALIDATION":"|true|0|2142|[]|","patchhunks":[{"LOCATION":"org.apache.commons.math.analysis.solvers.BrentSolver","PATH":"\\\/home1\\\/kwyyeung\\\/buggy_versions\\\/Math_73\\\/src\\\/main\\\/java\\\/org\\\/apache\\\/commons\\\/math\\\/analysis\\\/solvers\\\/BrentSolver.java","INGREDIENT_SCOPE":"PACKAGE","SUSPICIOUNESS":"0.707","INGREDIENT_PARENT":"verifyBracketing(min, max, f)","PATCH_HUNK_TYPE":"CtInvocationImpl|CtBlockImpl","ORIGINAL_CODE":"double yMin = f.value(min)","BUGGY_CODE_TYPE":"CtLocalVariableImpl|CtBlockImpl","OPERATOR":"InsertAfterOp","MODIFIED_FILE_PATH":"\\\/home1\\\/kwyyeung\\\/.\\\/output_astor\\\/AstorMain-Math_73\\\/\\\/src\\\/\\\/variant-21156\\\/org\\\/apache\\\/commons\\\/math\\\/analysis\\\/solvers\\\/BrentSolver.java","LINE":"113","MP_RANKING":"7","PATCH_HUNK_CODE":"verifyBracketing(min, max, f)"}],"TIME":"9719","GENERATION":"1923","FOLDER_SOLUTION_CODE":"\\\/home1\\\/kwyyeung\\\/.\\\/output_astor\\\/AstorMain-Math_73\\\/\\\/src\\\/\\\/variant-21156","PATCH_DIFF_ORIG":"--- \\\/src\\\/main\\\/java\\\/org\\\/apache\\\/commons\\\/math\\\/analysis\\\/solvers\\\/BrentSolver.java\\n+++ \\\/src\\\/main\\\/java\\\/org\\\/apache\\\/commons\\\/math\\\/analysis\\\/solvers\\\/BrentSolver.java\\n@@ -111,32 +111,32 @@\\n \\n \\n \\t\\tdouble yMin = f.value(min);\\n-\\t\\tif (java.lang.Math.abs(yMin) <= functionValueAccuracy) {\\n-\\t\\t\\tsetResult(yMin, 0);\\n-\\t\\t\\treturn result;\\n-\\t\\t}\\n \\n \\n-\\t\\tif ((yInitial * yMin) < 0) {\\n-\\t\\t\\treturn solve(f, min, yMin, initial, yInitial, min, yMin);\\n-\\t\\t}\\n \\n \\n-\\t\\tdouble yMax = f.value(max);\\n-\\t\\tif (java.lang.Math.abs(yMax) <= functionValueAccuracy) {\\n-\\t\\t\\tsetResult(yMax, 0);\\n-\\t\\t\\treturn result;\\n-\\t\\t}\\n \\n \\n-\\t\\tif ((yInitial * yMax) < 0) {\\n-\\t\\t\\treturn solve(f, initial, yInitial, max, yMax, initial, yInitial);\\n-\\t\\t}\\n \\n \\n \\n-\\t\\treturn solve(f, min, yMin, max, yMax, initial, yInitial);\\n \\n+\\n+\\n+\\n+\\n+\\n+\\n+\\n+\\n+\\n+\\n+\\n+\\n+\\n+\\n+\\n+\\t\\tverifyBracketing(min, max, f); \\t\\tif (java.lang.Math.abs(yMin) <= functionValueAccuracy) { \\t\\t\\tsetResult(yMin, 0); \\t\\t\\treturn result;} \\t\\tif ((yInitial * yMin) < 0) { \\t\\t\\treturn solve(f, min, yMin, initial, yInitial, min, yMin);} \\t\\tdouble yMax = f.value(max); \\t\\tif (java.lang.Math.abs(yMax) <= functionValueAccuracy) { \\t\\t\\tsetResult(yMax, 0); \\t\\t\\treturn result;} \\t\\tif ((yInitial * yMax) < 0) { \\t\\t\\treturn solve(f, initial, yInitial, max, yMax, initial, yInitial);} \\t\\treturn solve(f, min, yMin, max, yMax, initial, yInitial);\\n \\t}\\n \\n \\n\\n"},{"VARIANT_ID":"21272","VALIDATION":"|true|0|2142|[]|","patchhunks":[{"LOCATION":"org.apache.commons.math.analysis.solvers.BrentSolver","PATH":"\\\/home1\\\/kwyyeung\\\/buggy_versions\\\/Math_73\\\/src\\\/main\\\/java\\\/org\\\/apache\\\/commons\\\/math\\\/analysis\\\/solvers\\\/BrentSolver.java","INGREDIENT_SCOPE":"PACKAGE","SUSPICIOUNESS":"0.707","INGREDIENT_PARENT":"verifyBracketing(min, max, f)","PATCH_HUNK_TYPE":"CtInvocationImpl|CtBlockImpl","ORIGINAL_CODE":"if (java.lang.Math.abs(yMin) <= functionValueAccuracy) {\\n\\tsetResult(yMin, 0);\\n\\treturn result;\\n}","BUGGY_CODE_TYPE":"CtIfImpl|CtBlockImpl","OPERATOR":"InsertBeforeOp","MODIFIED_FILE_PATH":"\\\/home1\\\/kwyyeung\\\/.\\\/output_astor\\\/AstorMain-Math_73\\\/\\\/src\\\/\\\/variant-21272\\\/org\\\/apache\\\/commons\\\/math\\\/analysis\\\/solvers\\\/BrentSolver.java","LINE":"114","MP_RANKING":"8","PATCH_HUNK_CODE":"verifyBracketing(min, max, f)"}],"TIME":"9785","GENERATION":"1933","FOLDER_SOLUTION_CODE":"\\\/home1\\\/kwyyeung\\\/.\\\/output_astor\\\/AstorMain-Math_73\\\/\\\/src\\\/\\\/variant-21272","PATCH_DIFF_ORIG":"--- \\\/src\\\/main\\\/java\\\/org\\\/apache\\\/commons\\\/math\\\/analysis\\\/solvers\\\/BrentSolver.java\\n+++ \\\/src\\\/main\\\/java\\\/org\\\/apache\\\/commons\\\/math\\\/analysis\\\/solvers\\\/BrentSolver.java\\n@@ -111,32 +111,32 @@\\n \\n \\n \\t\\tdouble yMin = f.value(min);\\n-\\t\\tif (java.lang.Math.abs(yMin) <= functionValueAccuracy) {\\n-\\t\\t\\tsetResult(yMin, 0);\\n-\\t\\t\\treturn result;\\n-\\t\\t}\\n \\n \\n-\\t\\tif ((yInitial * yMin) < 0) {\\n-\\t\\t\\treturn solve(f, min, yMin, initial, yInitial, min, yMin);\\n-\\t\\t}\\n \\n \\n-\\t\\tdouble yMax = f.value(max);\\n-\\t\\tif (java.lang.Math.abs(yMax) <= functionValueAccuracy) {\\n-\\t\\t\\tsetResult(yMax, 0);\\n-\\t\\t\\treturn result;\\n-\\t\\t}\\n \\n \\n-\\t\\tif ((yInitial * yMax) < 0) {\\n-\\t\\t\\treturn solve(f, initial, yInitial, max, yMax, initial, yInitial);\\n-\\t\\t}\\n \\n \\n \\n-\\t\\treturn solve(f, min, yMin, max, yMax, initial, yInitial);\\n \\n+\\n+\\n+\\n+\\n+\\n+\\n+\\n+\\n+\\n+\\n+\\n+\\n+\\n+\\n+\\n+\\t\\tverifyBracketing(min, max, f); \\t\\tif (java.lang.Math.abs(yMin) <= functionValueAccuracy) { \\t\\t\\tsetResult(yMin, 0); \\t\\t\\treturn result;} \\t\\tif ((yInitial * yMin) < 0) { \\t\\t\\treturn solve(f, min, yMin, initial, yInitial, min, yMin);} \\t\\tdouble yMax = f.value(max); \\t\\tif (java.lang.Math.abs(yMax) <= functionValueAccuracy) { \\t\\t\\tsetResult(yMax, 0); \\t\\t\\treturn result;} \\t\\tif ((yInitial * yMax) < 0) { \\t\\t\\treturn solve(f, initial, yInitial, max, yMax, initial, yInitial);} \\t\\treturn solve(f, min, yMin, max, yMax, initial, yInitial);\\n \\t}\\n \\n \\n\\n"},{"VARIANT_ID":"21605","VALIDATION":"|true|0|2142|[]|","patchhunks":[{"LOCATION":"org.apache.commons.math.analysis.solvers.BrentSolver","PATH":"\\\/home1\\\/kwyyeung\\\/buggy_versions\\\/Math_73\\\/src\\\/main\\\/java\\\/org\\\/apache\\\/commons\\\/math\\\/analysis\\\/solvers\\\/BrentSolver.java","INGREDIENT_SCOPE":"PACKAGE","SUSPICIOUNESS":"1","INGREDIENT_PARENT":"verifyBracketing(min, max, f)","PATCH_HUNK_TYPE":"CtInvocationImpl|CtBlockImpl","ORIGINAL_CODE":"return solve(f, min, yMin, max, yMax, initial, yInitial)","BUGGY_CODE_TYPE":"CtReturnImpl|CtBlockImpl","OPERATOR":"InsertBeforeOp","MODIFIED_FILE_PATH":"\\\/home1\\\/kwyyeung\\\/.\\\/output_astor\\\/AstorMain-Math_73\\\/\\\/src\\\/\\\/variant-21605\\\/org\\\/apache\\\/commons\\\/math\\\/analysis\\\/solvers\\\/BrentSolver.java","LINE":"138","MP_RANKING":"0","PATCH_HUNK_CODE":"verifyBracketing(min, max, f)"}],"TIME":"9959","GENERATION":"1964","FOLDER_SOLUTION_CODE":"\\\/home1\\\/kwyyeung\\\/.\\\/output_astor\\\/AstorMain-Math_73\\\/\\\/src\\\/\\\/variant-21605","PATCH_DIFF_ORIG":"--- \\\/src\\\/main\\\/java\\\/org\\\/apache\\\/commons\\\/math\\\/analysis\\\/solvers\\\/BrentSolver.java\\n+++ \\\/src\\\/main\\\/java\\\/org\\\/apache\\\/commons\\\/math\\\/analysis\\\/solvers\\\/BrentSolver.java\\n@@ -135,8 +135,8 @@\\n \\n \\n \\n-\\t\\treturn solve(f, min, yMin, max, yMax, initial, yInitial);\\n \\n+\\t\\tverifyBracketing(min, max, f); \\t\\treturn solve(f, min, yMin, max, yMax, initial, yInitial);\\n \\t}\\n \\n \\n\\n"},{"VARIANT_ID":"22429","VALIDATION":"|true|0|2142|[]|","patchhunks":[{"LOCATION":"org.apache.commons.math.analysis.solvers.BrentSolver","PATH":"\\\/home1\\\/kwyyeung\\\/buggy_versions\\\/Math_73\\\/src\\\/main\\\/java\\\/org\\\/apache\\\/commons\\\/math\\\/analysis\\\/solvers\\\/BrentSolver.java","INGREDIENT_SCOPE":"PACKAGE","SUSPICIOUNESS":"0.707","INGREDIENT_PARENT":"verifyBracketing(min, max, f)","PATCH_HUNK_TYPE":"CtInvocationImpl|CtBlockImpl","ORIGINAL_CODE":"if (java.lang.Math.abs(yMax) <= functionValueAccuracy) {\\n\\tsetResult(yMax, 0);\\n\\treturn result;\\n}","BUGGY_CODE_TYPE":"CtIfImpl|CtBlockImpl","OPERATOR":"InsertBeforeOp","MODIFIED_FILE_PATH":"\\\/home1\\\/kwyyeung\\\/.\\\/output_astor\\\/AstorMain-Math_73\\\/\\\/src\\\/\\\/variant-22429\\\/org\\\/apache\\\/commons\\\/math\\\/analysis\\\/solvers\\\/BrentSolver.java","LINE":"126","MP_RANKING":"11","PATCH_HUNK_CODE":"verifyBracketing(min, max, f)"}],"TIME":"10386","GENERATION":"2039","FOLDER_SOLUTION_CODE":"\\\/home1\\\/kwyyeung\\\/.\\\/output_astor\\\/AstorMain-Math_73\\\/\\\/src\\\/\\\/variant-22429","PATCH_DIFF_ORIG":"--- \\\/src\\\/main\\\/java\\\/org\\\/apache\\\/commons\\\/math\\\/analysis\\\/solvers\\\/BrentSolver.java\\n+++ \\\/src\\\/main\\\/java\\\/org\\\/apache\\\/commons\\\/math\\\/analysis\\\/solvers\\\/BrentSolver.java\\n@@ -123,20 +123,20 @@\\n \\n \\n \\t\\tdouble yMax = f.value(max);\\n-\\t\\tif (java.lang.Math.abs(yMax) <= functionValueAccuracy) {\\n-\\t\\t\\tsetResult(yMax, 0);\\n-\\t\\t\\treturn result;\\n-\\t\\t}\\n \\n \\n-\\t\\tif ((yInitial * yMax) < 0) {\\n-\\t\\t\\treturn solve(f, initial, yInitial, max, yMax, initial, yInitial);\\n-\\t\\t}\\n \\n \\n \\n-\\t\\treturn solve(f, min, yMin, max, yMax, initial, yInitial);\\n \\n+\\n+\\n+\\n+\\n+\\n+\\n+\\n+\\t\\tverifyBracketing(min, max, f); \\t\\tif (java.lang.Math.abs(yMax) <= functionValueAccuracy) { \\t\\t\\tsetResult(yMax, 0); \\t\\t\\treturn result;} \\t\\tif ((yInitial * yMax) < 0) { \\t\\t\\treturn solve(f, initial, yInitial, max, yMax, initial, yInitial);} \\t\\treturn solve(f, min, yMin, max, yMax, initial, yInitial);\\n \\t}\\n \\n \\n\\n"},{"VARIANT_ID":"22583","VALIDATION":"|true|0|2142|[]|","patchhunks":[{"LOCATION":"org.apache.commons.math.analysis.solvers.BrentSolver","PATH":"\\\/home1\\\/kwyyeung\\\/buggy_versions\\\/Math_73\\\/src\\\/main\\\/java\\\/org\\\/apache\\\/commons\\\/math\\\/analysis\\\/solvers\\\/BrentSolver.java","INGREDIENT_SCOPE":"PACKAGE","SUSPICIOUNESS":"0.707","INGREDIENT_PARENT":"verifyBracketing(min, max, f)","PATCH_HUNK_TYPE":"CtInvocationImpl|CtBlockImpl","ORIGINAL_CODE":"double yMax = f.value(max)","BUGGY_CODE_TYPE":"CtLocalVariableImpl|CtBlockImpl","OPERATOR":"InsertAfterOp","MODIFIED_FILE_PATH":"\\\/home1\\\/kwyyeung\\\/.\\\/output_astor\\\/AstorMain-Math_73\\\/\\\/src\\\/\\\/variant-22583\\\/org\\\/apache\\\/commons\\\/math\\\/analysis\\\/solvers\\\/BrentSolver.java","LINE":"125","MP_RANKING":"10","PATCH_HUNK_CODE":"verifyBracketing(min, max, f)"}],"TIME":"10467","GENERATION":"2053","FOLDER_SOLUTION_CODE":"\\\/home1\\\/kwyyeung\\\/.\\\/output_astor\\\/AstorMain-Math_73\\\/\\\/src\\\/\\\/variant-22583","PATCH_DIFF_ORIG":"--- \\\/src\\\/main\\\/java\\\/org\\\/apache\\\/commons\\\/math\\\/analysis\\\/solvers\\\/BrentSolver.java\\n+++ \\\/src\\\/main\\\/java\\\/org\\\/apache\\\/commons\\\/math\\\/analysis\\\/solvers\\\/BrentSolver.java\\n@@ -123,20 +123,20 @@\\n \\n \\n \\t\\tdouble yMax = f.value(max);\\n-\\t\\tif (java.lang.Math.abs(yMax) <= functionValueAccuracy) {\\n-\\t\\t\\tsetResult(yMax, 0);\\n-\\t\\t\\treturn result;\\n-\\t\\t}\\n \\n \\n-\\t\\tif ((yInitial * yMax) < 0) {\\n-\\t\\t\\treturn solve(f, initial, yInitial, max, yMax, initial, yInitial);\\n-\\t\\t}\\n \\n \\n \\n-\\t\\treturn solve(f, min, yMin, max, yMax, initial, yInitial);\\n \\n+\\n+\\n+\\n+\\n+\\n+\\n+\\n+\\t\\tverifyBracketing(min, max, f); \\t\\tif (java.lang.Math.abs(yMax) <= functionValueAccuracy) { \\t\\t\\tsetResult(yMax, 0); \\t\\t\\treturn result;} \\t\\tif ((yInitial * yMax) < 0) { \\t\\t\\treturn solve(f, initial, yInitial, max, yMax, initial, yInitial);} \\t\\treturn solve(f, min, yMin, max, yMax, initial, yInitial);\\n \\t}\\n \\n \\n\\n"},{"VARIANT_ID":"25584","VALIDATION":"|true|0|2142|[]|","patchhunks":[{"LOCATION":"org.apache.commons.math.analysis.solvers.BrentSolver","PATH":"\\\/home1\\\/kwyyeung\\\/buggy_versions\\\/Math_73\\\/src\\\/main\\\/java\\\/org\\\/apache\\\/commons\\\/math\\\/analysis\\\/solvers\\\/BrentSolver.java","INGREDIENT_SCOPE":"PACKAGE","SUSPICIOUNESS":"0.707","INGREDIENT_PARENT":"verifyBracketing(min, max, f)","PATCH_HUNK_TYPE":"CtInvocationImpl|CtBlockImpl","ORIGINAL_CODE":"if ((yInitial * yMin) < 0) {\\n\\treturn solve(f, min, yMin, initial, yInitial, min, yMin);\\n}","BUGGY_CODE_TYPE":"CtIfImpl|CtBlockImpl","OPERATOR":"InsertBeforeOp","MODIFIED_FILE_PATH":"\\\/home1\\\/kwyyeung\\\/.\\\/output_astor\\\/AstorMain-Math_73\\\/\\\/src\\\/\\\/variant-25584\\\/org\\\/apache\\\/commons\\\/math\\\/analysis\\\/solvers\\\/BrentSolver.java","LINE":"120","MP_RANKING":"9","PATCH_HUNK_CODE":"verifyBracketing(min, max, f)"}],"TIME":"11995","GENERATION":"2325","FOLDER_SOLUTION_CODE":"\\\/home1\\\/kwyyeung\\\/.\\\/output_astor\\\/AstorMain-Math_73\\\/\\\/src\\\/\\\/variant-25584","PATCH_DIFF_ORIG":"--- \\\/src\\\/main\\\/java\\\/org\\\/apache\\\/commons\\\/math\\\/analysis\\\/solvers\\\/BrentSolver.java\\n+++ \\\/src\\\/main\\\/java\\\/org\\\/apache\\\/commons\\\/math\\\/analysis\\\/solvers\\\/BrentSolver.java\\n@@ -117,26 +117,26 @@\\n \\t\\t}\\n \\n \\n-\\t\\tif ((yInitial * yMin) < 0) {\\n-\\t\\t\\treturn solve(f, min, yMin, initial, yInitial, min, yMin);\\n-\\t\\t}\\n \\n \\n-\\t\\tdouble yMax = f.value(max);\\n-\\t\\tif (java.lang.Math.abs(yMax) <= functionValueAccuracy) {\\n-\\t\\t\\tsetResult(yMax, 0);\\n-\\t\\t\\treturn result;\\n-\\t\\t}\\n \\n \\n-\\t\\tif ((yInitial * yMax) < 0) {\\n-\\t\\t\\treturn solve(f, initial, yInitial, max, yMax, initial, yInitial);\\n-\\t\\t}\\n \\n \\n \\n-\\t\\treturn solve(f, min, yMin, max, yMax, initial, yInitial);\\n \\n+\\n+\\n+\\n+\\n+\\n+\\n+\\n+\\n+\\n+\\n+\\n+\\t\\tverifyBracketing(min, max, f); \\t\\tif ((yInitial * yMin) < 0) { \\t\\t\\treturn solve(f, min, yMin, initial, yInitial, min, yMin);} \\t\\tdouble yMax = f.value(max); \\t\\tif (java.lang.Math.abs(yMax) <= functionValueAccuracy) { \\t\\t\\tsetResult(yMax, 0); \\t\\t\\treturn result;} \\t\\tif ((yInitial * yMax) < 0) { \\t\\t\\treturn solve(f, initial, yInitial, max, yMax, initial, yInitial);} \\t\\treturn solve(f, min, yMin, max, yMax, initial, yInitial);\\n \\t}\\n \\n \\n\\n"},{"VARIANT_ID":"25709","VALIDATION":"|true|0|2142|[]|","patchhunks":[{"LOCATION":"org.apache.commons.math.analysis.solvers.BrentSolver","PATH":"\\\/home1\\\/kwyyeung\\\/buggy_versions\\\/Math_73\\\/src\\\/main\\\/java\\\/org\\\/apache\\\/commons\\\/math\\\/analysis\\\/solvers\\\/BrentSolver.java","INGREDIENT_SCOPE":"PACKAGE","SUSPICIOUNESS":"0.707","INGREDIENT_PARENT":"verifyBracketing(min, max, f)","PATCH_HUNK_TYPE":"CtInvocationImpl|CtBlockImpl","ORIGINAL_CODE":"double yMax = f.value(max)","BUGGY_CODE_TYPE":"CtLocalVariableImpl|CtBlockImpl","OPERATOR":"InsertBeforeOp","MODIFIED_FILE_PATH":"\\\/home1\\\/kwyyeung\\\/.\\\/output_astor\\\/AstorMain-Math_73\\\/\\\/src\\\/\\\/variant-25709\\\/org\\\/apache\\\/commons\\\/math\\\/analysis\\\/solvers\\\/BrentSolver.java","LINE":"125","MP_RANKING":"10","PATCH_HUNK_CODE":"verifyBracketing(min, max, f)"}],"TIME":"12065","GENERATION":"2337","FOLDER_SOLUTION_CODE":"\\\/home1\\\/kwyyeung\\\/.\\\/output_astor\\\/AstorMain-Math_73\\\/\\\/src\\\/\\\/variant-25709","PATCH_DIFF_ORIG":"--- \\\/src\\\/main\\\/java\\\/org\\\/apache\\\/commons\\\/math\\\/analysis\\\/solvers\\\/BrentSolver.java\\n+++ \\\/src\\\/main\\\/java\\\/org\\\/apache\\\/commons\\\/math\\\/analysis\\\/solvers\\\/BrentSolver.java\\n@@ -122,21 +122,21 @@\\n \\t\\t}\\n \\n \\n-\\t\\tdouble yMax = f.value(max);\\n-\\t\\tif (java.lang.Math.abs(yMax) <= functionValueAccuracy) {\\n-\\t\\t\\tsetResult(yMax, 0);\\n-\\t\\t\\treturn result;\\n-\\t\\t}\\n \\n \\n-\\t\\tif ((yInitial * yMax) < 0) {\\n-\\t\\t\\treturn solve(f, initial, yInitial, max, yMax, initial, yInitial);\\n-\\t\\t}\\n \\n \\n \\n-\\t\\treturn solve(f, min, yMin, max, yMax, initial, yInitial);\\n \\n+\\n+\\n+\\n+\\n+\\n+\\n+\\n+\\n+\\t\\tverifyBracketing(min, max, f); \\t\\tdouble yMax = f.value(max); \\t\\tif (java.lang.Math.abs(yMax) <= functionValueAccuracy) { \\t\\t\\tsetResult(yMax, 0); \\t\\t\\treturn result;} \\t\\tif ((yInitial * yMax) < 0) { \\t\\t\\treturn solve(f, initial, yInitial, max, yMax, initial, yInitial);} \\t\\treturn solve(f, min, yMin, max, yMax, initial, yInitial);\\n \\t}\\n \\n \\n\\n"},{"VARIANT_ID":"29489","VALIDATION":"|true|0|2142|[]|","patchhunks":[{"LOCATION":"org.apache.commons.math.analysis.solvers.BrentSolver","PATH":"\\\/home1\\\/kwyyeung\\\/buggy_versions\\\/Math_73\\\/src\\\/main\\\/java\\\/org\\\/apache\\\/commons\\\/math\\\/analysis\\\/solvers\\\/BrentSolver.java","INGREDIENT_SCOPE":"PACKAGE","SUSPICIOUNESS":"0.707","INGREDIENT_PARENT":"verifyBracketing(min, max, f)","PATCH_HUNK_TYPE":"CtInvocationImpl|CtBlockImpl","ORIGINAL_CODE":"if ((yInitial * yMax) < 0) {\\n\\treturn solve(f, initial, yInitial, max, yMax, initial, yInitial);\\n}","BUGGY_CODE_TYPE":"CtIfImpl|CtBlockImpl","OPERATOR":"InsertAfterOp","MODIFIED_FILE_PATH":"\\\/home1\\\/kwyyeung\\\/.\\\/output_astor\\\/AstorMain-Math_73\\\/\\\/src\\\/\\\/variant-29489\\\/org\\\/apache\\\/commons\\\/math\\\/analysis\\\/solvers\\\/BrentSolver.java","LINE":"132","MP_RANKING":"12","PATCH_HUNK_CODE":"verifyBracketing(min, max, f)"}],"TIME":"14055","GENERATION":"2680","FOLDER_SOLUTION_CODE":"\\\/home1\\\/kwyyeung\\\/.\\\/output_astor\\\/AstorMain-Math_73\\\/\\\/src\\\/\\\/variant-29489","PATCH_DIFF_ORIG":"--- \\\/src\\\/main\\\/java\\\/org\\\/apache\\\/commons\\\/math\\\/analysis\\\/solvers\\\/BrentSolver.java\\n+++ \\\/src\\\/main\\\/java\\\/org\\\/apache\\\/commons\\\/math\\\/analysis\\\/solvers\\\/BrentSolver.java\\n@@ -135,8 +135,8 @@\\n \\n \\n \\n-\\t\\treturn solve(f, min, yMin, max, yMax, initial, yInitial);\\n \\n+\\t\\tverifyBracketing(min, max, f); \\t\\treturn solve(f, min, yMin, max, yMax, initial, yInitial);\\n \\t}\\n \\n \\n\\n"}]}