{"general":{"NR_RIGHT_COMPILATIONS":260,"NR_ERRONEOUS_VARIANCES":null,"EXECUTION_IDENTIFIER":"","OUTPUT_STATUS":"TIME_OUT","NR_FAILLING_COMPILATIONS":160,"NR_GENERATIONS":42,"TOTAL_TIME":110485.077,"NR_FAILING_VALIDATION_PROCESS":null},"patches":[{"VARIANT_ID":"73","VALIDATION":"|true|0|2059|[]|","patchhunks":[{"LOCATION":"org.apache.commons.math.optimization.linear.SimplexSolver","PATH":"\\\/home1\\\/kwyyeung\\\/Math_82\\\/src\\\/main\\\/java\\\/org\\\/apache\\\/commons\\\/math\\\/optimization\\\/linear\\\/SimplexSolver.java","INGREDIENT_SCOPE":"PACKAGE","SUSPICIOUNESS":"0.267","INGREDIENT_PARENT":"f = f","PATCH_HUNK_TYPE":"CtAssignmentImpl|CtBlockImpl","ORIGINAL_CODE":"minValue = tableau.getEntry(0, i)","BUGGY_CODE_TYPE":"CtAssignmentImpl|CtBlockImpl","OPERATOR":"ReplaceOp","MODIFIED_FILE_PATH":"\\\/home1\\\/kwyyeung\\\/.\\\/output_astor\\\/AstorMain-Math_82\\\/\\\/src\\\/\\\/variant-73\\\/org\\\/apache\\\/commons\\\/math\\\/optimization\\\/linear\\\/SimplexSolver.java","LINE":"63","MP_RANKING":"135","PATCH_HUNK_CODE":"f = f"}],"TIME":"10079","GENERATION":"6","FOLDER_SOLUTION_CODE":"\\\/home1\\\/kwyyeung\\\/.\\\/output_astor\\\/AstorMain-Math_82\\\/\\\/src\\\/\\\/variant-73","PATCH_DIFF_ORIG":"--- \\\/src\\\/main\\\/java\\\/org\\\/apache\\\/commons\\\/math\\\/optimization\\\/linear\\\/SimplexSolver.java\\n+++ \\\/src\\\/main\\\/java\\\/org\\\/apache\\\/commons\\\/math\\\/optimization\\\/linear\\\/SimplexSolver.java\\n@@ -60,12 +60,6 @@\\n \\t\\tjava.lang.Integer minPos = null;\\n \\t\\tfor (int i = tableau.getNumObjectiveFunctions(); i < (tableau.getWidth() - 1); i++) {\\n \\t\\t\\tif (org.apache.commons.math.util.MathUtils.compareTo(tableau.getEntry(0, i), minValue, epsilon) < 0) {\\n-\\t\\t\\t\\tminValue = tableau.getEntry(0, i);\\n-\\t\\t\\t\\tminPos = i;\\n-\\t\\t\\t}\\n-\\t\\t}\\n-\\t\\treturn minPos;\\n-\\t}\\n \\n \\n \\n@@ -73,22 +67,6 @@\\n \\n \\n \\n-\\tprivate java.lang.Integer getPivotRow(final int col, final org.apache.commons.math.optimization.linear.SimplexTableau tableau) {\\n-\\t\\tdouble minRatio = java.lang.Double.MAX_VALUE;\\n-\\t\\tjava.lang.Integer minRatioPos = null;\\n-\\t\\tfor (int i = tableau.getNumObjectiveFunctions(); i < tableau.getHeight(); i++) {\\n-\\t\\t\\tfinal double rhs = tableau.getEntry(i, tableau.getWidth() - 1);\\n-\\t\\t\\tfinal double entry = tableau.getEntry(i, col);\\n-\\t\\t\\tif (org.apache.commons.math.util.MathUtils.compareTo(entry, 0, epsilon) >= 0) {\\n-\\t\\t\\t\\tfinal double ratio = rhs \\\/ entry;\\n-\\t\\t\\t\\tif (ratio < minRatio) {\\n-\\t\\t\\t\\t\\tminRatio = ratio;\\n-\\t\\t\\t\\t\\tminRatioPos = i;\\n-\\t\\t\\t\\t}\\n-\\t\\t\\t}\\n-\\t\\t}\\n-\\t\\treturn minRatioPos;\\n-\\t}\\n \\n \\n \\n@@ -97,6 +75,28 @@\\n \\n \\n \\n+\\n+\\n+\\n+\\n+\\n+\\n+\\n+\\n+\\n+\\n+\\n+\\n+\\n+\\n+\\n+\\n+\\n+\\n+\\n+\\n+\\t\\t\\t\\tthis.f = f; \\t\\t\\t\\tminPos = i;}} \\t\\treturn minPos;} \\tprivate java.lang.Integer getPivotRow(final int col, final org.apache.commons.math.optimization.linear.SimplexTableau tableau) { \\t\\tdouble minRatio = java.lang.Double.MAX_VALUE; \\t\\tjava.lang.Integer minRatioPos = null; \\t\\tfor (int i = tableau.getNumObjectiveFunctions(); i < tableau.getHeight(); i++) { \\t\\t\\tfinal double rhs = tableau.getEntry(i, tableau.getWidth() - 1); \\t\\t\\tfinal double entry = tableau.getEntry(i, col); \\t\\t\\tif (org.apache.commons.math.util.MathUtils.compareTo(entry, 0, epsilon) >= 0) { \\t\\t\\t\\tfinal double ratio = rhs \\\/ entry; \\t\\t\\t\\tif (ratio < minRatio) { \\t\\t\\t\\t\\tminRatio = ratio; \\t\\t\\t\\t\\tminRatioPos = i;}}} \\t\\treturn minRatioPos;}\\n+\\n \\tprotected void doIteration(final org.apache.commons.math.optimization.linear.SimplexTableau tableau) throws \\n \\torg.apache.commons.math.optimization.OptimizationException {\\n \\n\\n"},{"VARIANT_ID":"117","VALIDATION":"|true|0|2059|[]|","patchhunks":[{"LOCATION":"org.apache.commons.math.optimization.linear.SimplexSolver","PATH":"\\\/home1\\\/kwyyeung\\\/Math_82\\\/src\\\/main\\\/java\\\/org\\\/apache\\\/commons\\\/math\\\/optimization\\\/linear\\\/SimplexSolver.java","INGREDIENT_SCOPE":"-","ORIGINAL_CODE":"minValue = tableau.getEntry(0, i)","BUGGY_CODE_TYPE":"CtAssignmentImpl|CtBlockImpl","OPERATOR":"RemoveOp","MODIFIED_FILE_PATH":"\\\/home1\\\/kwyyeung\\\/.\\\/output_astor\\\/AstorMain-Math_82\\\/\\\/src\\\/\\\/variant-117\\\/org\\\/apache\\\/commons\\\/math\\\/optimization\\\/linear\\\/SimplexSolver.java","LINE":"63","SUSPICIOUNESS":"0.267","MP_RANKING":"135"}],"TIME":"10135","GENERATION":"10","FOLDER_SOLUTION_CODE":"\\\/home1\\\/kwyyeung\\\/.\\\/output_astor\\\/AstorMain-Math_82\\\/\\\/src\\\/\\\/variant-117","PATCH_DIFF_ORIG":"--- \\\/src\\\/main\\\/java\\\/org\\\/apache\\\/commons\\\/math\\\/optimization\\\/linear\\\/SimplexSolver.java\\n+++ \\\/src\\\/main\\\/java\\\/org\\\/apache\\\/commons\\\/math\\\/optimization\\\/linear\\\/SimplexSolver.java\\n@@ -59,10 +59,10 @@\\n \\t\\tdouble minValue = 0;\\n \\t\\tjava.lang.Integer minPos = null;\\n \\t\\tfor (int i = tableau.getNumObjectiveFunctions(); i < (tableau.getWidth() - 1); i++) {\\n-\\t\\t\\tif (org.apache.commons.math.util.MathUtils.compareTo(tableau.getEntry(0, i), minValue, epsilon) < 0) {\\n-\\t\\t\\t\\tminValue = tableau.getEntry(0, i);\\n+\\t\\t\\tif (org.apache.commons.math.util.MathUtils.compareTo(tableau.getEntry(0, i), minValue, epsilon) < 0)\\n+\\n \\t\\t\\t\\tminPos = i;\\n-\\t\\t\\t}\\n+\\n \\t\\t}\\n \\t\\treturn minPos;\\n \\t}\\n\\n"}]}